589bd67919d1e262093727d4963a4935459f7428a1b02f7c11109ba742d3ef91,100 gecs - money machine (idk).mp3
33e32d6e8e8d2c95c9370d9d11c808605bcf23111ecaa159fdef2b3ca031242a,24-hour cinderella - zenta (21 06 23).mp3
cbf7e7853248e5812d70236c99befcc89942758737619f56a7a53f26fa933fbb,39 music - mikito-p (16 08 23).mp3
e1d3fa5bfca7a1dc15dd2c47b449a0ccb1ac673bc0e4c3440219f4b4b6b6ab39,7!! - Orange (07 08 24).mp3
9403eb46c33cff8f65a9bb7a4ab3bd84f87856d792355fa621cc5c4a327b592b,A Thousand Miles - Vanessa Carlton (20 03 24).mp3
a60f21ed59820802f1c5c5dcfe53ae35108266ffccd034dd249451a63b0ceaea,ATRI - Dear Moments (19 03 25).mp3
28d9b9cf031dcd043e4b4e0311b8c4c5104255759969e4a642e9730bbb053142,AURORA - Runaway (15 05 24).mp3
d56ea642ce82a521638e94c52f34dd653e8f503af212c25bda1a14b82beff68d,Adele - Hello (12 06 24).mp3
c9b785251aeda1e2b05233189188440f755c74cb600800ebbfc8be47d20ed295,Adele - Rolling In The Deep (10 07 24).mp3
cdf0da89c226a06279c5d2791872b90bb4d8e5d2774a67210ae36fa7d0f3f47d,Aerosmith - Dream On (12 06 24).mp3
684de26446f4d6e8698cbbc634d287b28c5e2efc53fedc6fa4c20dc9b793d512,Aiobahn - Non-Reflection (09 07 25).mp3
91bace3e2f362f114d95768ae5af9c7438fa1255232c8b760db5ac0ecb3d2f44,Alan Walker - The Spectre (06 10 24).mp3
3d3bffa1d6a68a5b842a97de936fdf07e0cf4efc7a29d722a4a0214a5ab0934d,All I Want For Christmas Is You - Mariah Carey (06 12 23).mp3
b42cb3eab722abdb949af661e543593817c7d46a1dff8f20aecca4923124d3a3,Andrew Gold - Spooky Scary Skeletons (30 10 24).mp3
6cbbe35fd1ce9f51faf509da9f5a527433dcab72c09d5482ab6b639be16729b2,Aoi Tada - Brave Song (04 09 24).mp3
670ffe980aa337b5179548212a74739a66bb3a81455dfae3e1d1d08ee0653379,"Arianne - Komm, süsser Tod (17 04 24).mp3"
73e518c515f39b41c849e379764a06935e1949e4bc3edb45805760bf2a14558d,As the World Caves In - Matt Maltese (25 10 23).mp3
ea4720017433b52981d002b3d27fb8b78ed752bc36621abf37d0e08d7d254b81,AuRa - Panic Room (30 10 24).mp3
23f9aa6a60dd3b852c881676ddd037a7a0690ea7e14265ae020fede4fd1fad02,Avicii - Waiting For Love (04 09 24).mp3
c0101d3b08dbb2e15d79eb5cbd9b59b153c30937e746bb452ef33450a1b39829,Avril Lavigne - Complicated (12 06 24).mp3
ba3ac9b305c2579a95a6d14134eb0dbccc01edcce458f1d02b6be29a3ac07b4f,Azari - Whisper Whisper Whisper (27 11 24).mp3
4b4915063e607815f4441cefdeb65a54e325b4766b2971fa9ac49c8dc0e596a8,Azari - Wink (07 08 24).mp3
d2c1752537992fe8d88975f581dcd4d67bd855c3c6e34480001caa37370ccab0,Bao - 52-Hearts (15 05 24).mp3
b57d5c4846c656a4cd18f185ef6f7e437329a99d2dce65016969e0c79483780e,Bastille - Pompeii (16 04 25).mp3
96b10286620f75f4ffd7126f78d0982c5d1a16d555bb1a7dda62378243b2b398,Bea Miller - Playground (04 09 24).mp3
0366a597ab9d232a0a019a5b3c0815a3a392b20dc9cdf37898b578adc822cf86,Bee Gees - Stayin' Alive (06 10 24).mp3
27fed9d0c5e7d9cbc4d40be42779f8b8b5479c613d3bb0235904601e521f3630,Billie Eilish - What Was I Made For (12 06 24).mp3
d6a1ac2f11ca0a047f133c09388188e6628f4b85e7b1b2dec8f974d33c94cf8b,Billie Eilish - What Was I Made For (sad cat version) (07 08 24).mp3
be6527bc9ade948e0e3c41872e53f0d06d35118945768d530a5c66770fbefc9c,Billy Joel - Piano Man (16 04 25).mp3
69e5cc89854949121d7170cbb07358af2b454a1534010bfbdfc7b732294a4db1,Boa - Twilight (27 11 24).mp3
74cddf3ea1a23cf0895ec7e330182c3e7669632ddb7c62a73b11dd50459aaf21,Bobby Caldwell - What You Won't Do For Love (16 04 25).mp3
5399ededd2a4c94a851438374e1ff1440e00d579f36310f69e8d442ddad05b92,Bon Jovi - It's My Life (07 08 24).mp3
3bca69e697fb9ad2a0590b4c8192252f63668ac5a60a9c8519c2b51bd8cc5a78,Bon Jovi - Livin' on a Prayer (27 11 24).mp3
f715c879d1be56377afd580a1a07c697e725451f86b03e3d8018435007165d10,Brain Power - NOMA (08 11 23).mp3
f18b754d5b1b1c08bd985f10c8be89d8e291946a6309ff80bf5a74c7a917abcd,Bryant Oden - The Duck Song (27 11 24).mp3
c860fd3f453699a16e6c25521a50244630037e2e23f0110efad641283125c74b,Buttercup - Jack Stauber (06 12 23).mp3
bbf6d60a70ec5c940a905e6fad659117b97eabed7a065a5bef97fbd3808f85b9,CUCO - Lover Is a Day (04 09 24).mp3
32cb930822268853c1646307799cd0be9a5e52a6287ca871faf16c12c5c478ac,Camelia - Mili (08 11 23).mp3
7b8060477cddc6b89c2cee9c713abeafe444d70ede4140ee93cf01702c5c047c,Caramella Girls - Caramelldansen (06 10 24).mp3
b095f0b4c291b9a31920cf854237c4bde7ae89729409677372122f17c3b68a9b,Cartoons - Witch Doctor (16 04 25).mp3
fc6eadaa6ffedc256c7a30cc7b936bb477469c85e97d44a58115fc86a72a1547,Cascada - Everytime We Touch (14 05 25).mp3
77e844a78a2241b7b0ddd1450f96c5022bb65a2b3cc59255cf6413360ed48518,Catherine Warwick - Pollyanna (I Believe In You) (19 03 25).mp3
e5d7bf7f6029093eef011c3076904be2592ab23524e3d88c533a9307167460fd,Ceres Fauna - Let Me Stay Here (19 03 25).mp3
c69f1170de08df11a9b4cbc9a7b16e05cca3ade62081d8390d88ae8d3c0b88c5,Cheerleader - Porter Robinson (20 03 24).mp3
a5a863b7920f91328465084794443af59b9f04b2bf93da5c8cd7c257e266670e,Chewie Melodies - Color Your Night (14 05 25).mp3
d34863a55e9c61055a8845ddd2e45a34d3742094ecbf2ea838f6ea52122e7547,Chris Isaak - Wicked Game (10 07 24).mp3
3b2a04cfee0a1547385e1efcf58595fb2f61c17e467e38a8782ee63ff9491817,Christell - Dubidubidu (17 04 24).mp3
23c227e95d46859ec1ebe63a5274f4cf5a07c26f1d698dee1ead84ffe4b594bb,Christina Perri - A Thousand Years (04 09 24).mp3
0794f7c2a4227e7c9932393cb00bc63d157288d879b740d24ed5ecb2ce4d052d,Christina Perri - Arms (14 05 25).mp3
0f50b51b52b968bf33f4d2a6eb79f72bc6a94f61b1c276909338157afcea50f2,Christina Perri - Jar of Hearts (27 11 24).mp3
cae262a9115d31ac7915912867437dd0fcee3c686245781734c768721c19e6a0,Clairo - Pretty Girl (04 09 24).mp3
8d75ff6de8e55b8d09bc48b8da47416b675c68417f92bc8867d9b6856b7a9624,Clairo - Sofia (09 07 25).mp3
adcfb45bb9a4b60814865d85cbabed3233240fae3c7dea9c72aeee90a0a4a91b,ClariS - Connect (04 09 24).mp3
e2b876575020e92618fddfb74fdde93537f56cb2eb52a76e8c5ad0d828b9372b,Clean Bandit - Symphony (15 05 24).mp3
6983d8581884de8ccd2b94529d6c57b51fbd06b26434bceef6057284d6c86a99,College & Electric Youth - A Real Hero (15 05 24).mp3
1dd9cb669a8786d43d786a7cf6b4de1e26d811d1bc6a03820064af6bc8cfc405,Connie Francis - Pretty Little Baby (06 08 25).mp3
4f553fccb15b62cb88d314fd4204c47c99a38b3b877f2465affc0587682bdc66,Crusher - Wicked (30 10 24).mp3
6bd8f1886fe0c8cd73c51500fd36f0cb2799d9e35a645b14917954f7d060ae9e,Cure For Me - AURORA (06 12 23).mp3
8f070422b7cf63fb77f30dd50a99c01c7f047a857d05ad7df597e1e23d0faae2,DECO27 - HAO (10 07 24).mp3
4b6671502939a4dc527357fb7901a471e8eeaceec55de854731ac69550c82ee6,DECO27 - Telepathy (06 08 25).mp3
e6d2807d594c9a72485a8741d3003032d63ddd0df1d352105267f10d3b57cbd3,DJ Jazzy Jeff & Neuro-sama - The Fresh Princess of Bel-Air (09 07 25).mp3
fa1c1cf46b075ce039f814d6f78085c021823a7b1d51a0fe865e3e790d8bfc12,Dan Salvato - Your Reality (06 10 24).mp3
d4f428ca960068ccbc909b06d4a47125cc36cbc17c862cea2ef8715a9317b802,"Dancin' - Aaron Smith, KRONO (20 03 24).mp3"
79d079941c7c55528f095bcda134adb3a68025d633638fb156608cd6b7d51e1d,Darren Korb - The Spine (09 07 25).mp3
1a050ecf653f734a5134a91c867fd3d284076e399db73e397e368a99ab753e7f,Dead or Alive - You Spin Me Round (06 10 24).mp3
ad251507830e96f94b44976e81eb2e7f4b6faaff9714f5cc573801a36dcd22d2,Dido - Thank You (07 08 24).mp3
39e8dcbc4ef6372d194868f10c5caa937276a39bca5f6b1efc30422ef7ecb136,Digital Girl - KIRA (20 03 24).mp3
ea8a23030e58d15e79e9d4ad81d22f699a74e6a97819d1ef46fc5cbbd6d2de05,Dramaturgy - eve (25 10 23).mp3
09f85bfbc1e90a779b4956901497db1f82181c616e25363b40ebdbed8c26b0d6,Duran Duran - INVISIBLE (06 10 24).mp3
001c63b7c72d467c8ccbe2612b3d0c4ff492694bda82776abcc2a247fbf02f7a,Ellie Goulding - Lights (07 08 24).mp3
dfc78055f3bc3f2561988f9e595eb90ab9bebb2cead528d845cb216f94be27bd,Ellie Minibot - Bugs (11 06 25).mp3
a7b0b111901eefa5df3f572161e876f1803f984caba0cbf7838a0af8b8800667,Ellie Minibot - Same Moon (16 04 25).mp3
a5f92145e0198349e7b3d1c4df1f96eaf38a6dc7a56b9d54f13ff5bb905e0104,Ellie Minibot - Together (17 04 24).mp3
cf4496f60491677a084a80e65ed9743fa7ada73d8e4554ce771023383f9ed316,Elton John - I'm Still Standing (19 03 25).mp3
4e36922e1bdc284bc350c1bab9cdb224836e6f53dbbec78ee0b9e7aa269f51c1,Elvis Presley - Can't Help Falling In Love (15 05 24).mp3
4a56c92f96eced9614910f864110a5b7a05f20169bf61624bbb2375afc77f87c,Emon(Tes.) - Dreamin Chuchu (11 06 25).mp3
4166ebecb46372f91ef5c58536a08cef196ef2001a4f95de92fd5a12897b0062,Eri Sasaki - Gate of Steiner (07 08 24).mp3
2b86211d0c07e97823c56dd0f0f6ee21e6e8650c8e0d6a22a3cae6abfaccd9a1,Europe - The Final Countdown (10 07 24).mp3
d3854c9c8d7efe0a544eabd1f00c1ef3b3a324a83712ef45890ecaa47e79ae46,Evanescence - Lithium (06 08 25).mp3
c1569c51ddb8827dd96a4c3f6b3243b3d9a8a2091f49635ad9d0b9791e8f7b6f,Evanescence - My Immortal (27 11 24).mp3
c98402732229793a3abb09db2809a1daf0e363453efa7941960157c3d9688191,Eve - LEO (12 06 24).mp3
eba2b056d574432d6391ca7d095cee178095bf4d76af4f81a8a7d480d6217946,Eye of the Tiger - Survivor (20 03 24).mp3
b828cd799e94fc07c26150b0b36a665e3494a5ac48aeda73c41a5e2c39e78453,FEX - Subways of Your Mind (27 11 24).mp3
448e0d870fe8d19ec23d151409c96771a3a36d3f019ff6d975a4e4c1b027a788,Fall Out Boy - Centuries (12 06 24).mp3
5d8931d82513b56d53b4447d2949ebe1e1d1036e7a5fc6e344c90c52f0ead4a4,Falling In Reverse - Voices In My Head (12 06 24).mp3
8f75da35f372e454410ad1da5b580c33489be6ce145ca56df410f6628bba1584,Firework - Katy Perry (25 10 23).mp3
633d34ec21d7f69464d70bab6856951d8eacfbd8d36a59faf3fb530c19cf41f4,Flavor Foley - Static (11 06 25).mp3
684cd5ef0a82e832b91cc43b4bdb4e292db8cc719a5e3b54fa4dee9722c2a867,Fly Me To The Moon - Frank Sinatra (25 10 23).mp3
cfab51721d71c4ee8450f0310c6e53643d71103d22c8739b9291dfb2d115da28,Fool's Garden - Lemon Tree (19 03 25).mp3
f9f8b2b8fce9852f538d38dd8ed5b93bf6ea427a1a4a4bdf322abd05fca599aa,Frank Sinatra - My Way (04 09 24).mp3
a440476d3ce00c58b4d4d1cd3a6af0eb15bdf9f938f43efc4239c76892e34fa3,Frederic - Oddloop (15 05 24).mp3
aeced9459ed1a762914a84aa9ccd23d892159640fffce40a0c07f0e2a1b78f70,Gen Hoshino - Koi (16 04 25).mp3
7941c9bfb48adf50ddb0b9c04f93eb589443578b9cbaf290d32af267c1419538,Getter Jaani - Rockefeller Street (07 08 24).mp3
fff8bd796099874d975d21071d0736576026116e25d618454cc0274d859c70c3,Giga - CH4NGE (04 09 24).mp3
05d96c61254508ce3d4e0da01132db79343bae515504328f6f2f0f8fe480de7c,Glassy Sky - Yutaka Yamada (20 03 24).mp3
4667fbc1044bcad3077f10981d9d528f03d5a52c466808e7ec41fb454fc72d92,Glimpse of Us - Joji (25 10 23).mp3
b503e4e15e42773c65af81a461321e171f7fd2c5d95fb27a6ea84dc821ff17c1,Gloria Gaynor - I Will Survive (27 11 24).mp3
e059ed21eb60e78e2f800a3c0a24793e921a7e303f4fc023d9e4ecc52218c0c4,Goodbye Sengen - Chinozo (25 10 23).mp3
a150769a8b7cf9e6e56c48e0671f9f9a36218243c0833ac9b52fbeba3e364ad8,"Guitar, Loneliness and Blue Planet - kessoku band (25 10 23).mp3"
c69012ae466702d7879ed4413628105a984e1b5e4b3b9219d20914a73d0a5882,HOYO-MiX - Hope Is The Thing With Feathers (06 08 25).mp3
17d9477569214b74fe62a224325863e406afc02e4efb09b302f5c7019161aa8b,HOYO-MiX - If I Can Stop One Heart From Breaking (16 04 25).mp3
cec5dcb8cded63dc669bd925876228c5f3f7771587e412a703ac04b9e2c0cb94,HYBS - Tip Toe (04 09 24).mp3
fe028637a2c771857cbfea9da026d6ce289c1808f361e8ceec32fefa188f9103,HYDRA - MYTH & ROID (25 10 23).mp3
83009c26d958852ea155cb8985108028b36c4820bd09749ec09092899aebebb3,Haddaway - What Is Love (10 07 24).mp3
185da14898defc06c69d313259d45f9f4f53196a37717ce0f659fbc9be32b072,Hall & Oates - Maneater (30 10 24).mp3
e24d3db184613972c9b4307633687b372499d09bbc0a532cdcf9e07f11d2eb11,Hall & Oates - Out Of Touch (19 03 25).mp3
a598cdc86a010d404b70eb788da8682cc10de2b8f4d686dfe41d0bfd50e86145,Happy Halloween - Junky (31 10 23).mp3
882ae28fea38d5625c56eb6241baff3e79a39f9154a41e2989643d9a409ef870,Harumaki Gohan - Melty Land Nightmare (12 06 24).mp3
0889fbfc44896a26121e003c2e09c9319ff8003ea1fd3babec6dfe3c5f1c3da8,Harumaki Gohan - Zero Talking (07 08 24).mp3
03fa38f0958190ac630caae3eb48697cce3e2d8a568dfdc90e437a8a45f6cb25,Have Yourself a Merry Little Christmas.mp3
1ec4b488cb16fef0de9b0cb54f91e3f5553fdb6fd6675825bf540089bd032ab1,Hikaru Utada - One Last Kiss (06 08 25).mp3
0f6cceeb3d554c375d10b806a0257267a7a7a54043ae62adefcf4785ab9e2e6d,Ho-ong-i - Hide and Seek (30 10 24).mp3
eb6e4bacd0bc91b70b60cfdf3ea299ac623c5c62868bb323823cb366e2235502,Holding Out For A Hero - Jennifer Saunders (25 10 23).mp3
def1e048413cc0d5d15c2baddb607619cfb20eef1df9db035443b4178b8b20d8,Hoshimachi Suisei - GHOST (07 08 24).mp3
ea94602aae444942be6f8d8601cce833724c78699796deb258193229234c2504,Hoshimachi Suisei - Stellar Stellar (16 04 25).mp3
1ad944b9dad12b5ac6229d440eb8fc2ba661c74d5d95f039a387393755b8cd11,Hozier - Take Me To Church (15 05 24).mp3
3489ca7cad506003065cf278b052896038b7d7f87318ee2956bdff322c7579ec,I'm Glad You're Evil Too - Pinocchio-P (20 03 24).mp3
9b437444cbe23864f9e240cc8d0f0ccd445aa8f7cdaf6ab1b19e5f3fce5adc1f,IDKHOW - Do It All The Time (09 07 25).mp3
ae870dc5c2b19517a9decc41e170aaf4c91dfc428ed2f565f107f3995b51d23f,Ichi - 4nim0sity (11 06 25).mp3
428981e6d592b068670987fc5c27f6f3a87ebd55f6127c8d7e6237cd69785118,Initial D - Deja Vu (12 06 24).mp3
4b03a98417ee1ee8b48825e072107f6ae9057730032a4be9f9503423aa92607e,"Ippo.tsk - Though I fear, I still walk (09 07 25).mp3"
c56f8920a0686e408cb197cd972a8b57793b1f9c7deb7d4b8ebe4d67d1596443,Iron Lotus - Mili (06 12 23).mp3
c0959fc72877c7f79f2eb5ac3921c0ea08e845722399c58c15abeea80a017f90,It's Beginning to Look a Lot Like Christmas - Michael Bublé (06 12 23).mp3
7fcbfc072f07ce67a121aee7c04843dee3c9ef9522e304cdd67376b80369c20d,Itoki Hana & Toby Fox - Skies Forever Blue (11 06 25).mp3
9ad3d9f0bf8b07cd561fdba2190bdee35e365f07513a3a47babd8d08c970924a,Iyowa - Kyu-Kurarin (17 04 24).mp3
82d560730a3e3d12faa1c4f2e7c35fc9724bab2acc4b1423c7770ed9f42c3a0d,Jack Stauber - Buttercup (06 08 25).mp3
1f759d0c8aa08ae270cfd3cf3dd6068c0e25d59887fa7595ab085f01d85b1450,Jamie Paige - Machine Love (19 03 25).mp3
c2c0cbc95c424521d481cb07afbaba6b9c4abea04e03c5c1cfca43cae970d840,Jingle Bell Rock.mp3
eb95f3ceeb6f40ad1abbf957521768909a7dd728409ee3df4c392b251e4ccc01,John Siegler - Pokemon Theme (11 06 25).mp3
032bbbb57326b42da483a06345acbc2dcede14157f4d1f21103127571dc99f10,Johnathan Coulton - Still Alive (10 07 24).mp3
b227d0b3e187304929ef2b7092f13266015b93895799062b3cfda6be4ca1e575,Joji - Die For You (09 07 25).mp3
9192bbbd107025e7925878b6ad260974ceb464b6d56cde776194b93c61e76909,Journey - Don't Stop Believin' (12 06 24).mp3
b0dbfe2099a3fe73fce888121a46985be9e6288be54579615b7a1e19dc29e3a6,Julie Fowlis - Touch The Sky (06 08 25).mp3
da31805b081154b121d8505efaa9b9e2d7f8e2ab0caec096486681a666931a01,Junky - Happy Halloween (30 10 24).mp3
7ee39677de28b93609896c61be72c7a16b0bf5dccb385d28846ddae5d81c5447,KARMANATIONS - Akatsuki Records (25 10 23).mp3
b79e09a7144f6180e43c33f4805c0a8218baf6d1cd6af188498bdbdcefb0e97c,KEANE - Somewhere Only We Know (09 07 25).mp3
4f270e94cffb5285b480cba3c149b397d4057a897b1188d6681f93a343cd8a52,KING - Kanaria (08 11 23).mp3
24c93d8ace07b4ed3916c4626de2bfa017290596b62bfbee39f9434abbd557f7,Kana Hanazawa - Renai Circulation (14 05 25).mp3
5745be9643e7a24de8ac00467407aae14420f77abe6f80b45c7476330b9c413a,Kanaria - QUEEN (04 09 24).mp3
24b091e8960d4d3d80607224ed126cb6dc4ad5adf6a02d13ee4137ff30e879e6,Kate Bush - Running Up That Hill (30 10 24).mp3
5b5d63de3eee176cd237fd54e0e1c9607cd5274da3f41e36ab6dd53856f6d264,Kavinsky - Nightcall (07 08 24).mp3
b21375f24d00100a48677da7ddec1a46a14318325a7d933cb500b11378930270,Kawaikute Gomen - HoneyWorks (06 12 23).mp3
28896842b87d6216426c6b4c0132136e862cbb170ccbab5bacef8b7be4bfbcdc,Keiichi Okabe - Weight of the World (17 04 24).mp3
717c5a15086e5a2d943d8a99cfc77d0b4b554dc30c17cdf5a8b4e17cc9b76a0c,Kikuo - Aishite Aishite Aishite (04 09 24).mp3
6c8996e3853ae1114252ea3b2ccd3d10aaa68711c62a3e3f6283899e35fb7f51,Kikuo - Dance of the Corpses (27 11 24).mp3
9a0cbb42e4e7c7b2f08032ab2f8cd158cb4a37de11ee16d99f49008c79bcfd9e,Kikuo - Voices of Svaahaa (15 05 24).mp3
32c935ec7ee4c2dbdabe8feb6648c1efdf0f832a95d4c44122f832934090065d,Kimi no Shiranai Monogatari - supercell (08 11 23).mp3
6fe23561dc092f676743faf0ec919764a2c3b5273ea0ac9d5f1ddeb2e1e207a4,Kira - 4BLOOD (30 10 24).mp3
9b443e69f9ca4c8dc7b43d9bdccf4b77a72144fb2c8df669cbb901b78b2b1bd9,Kira - Circles (15 05 24).mp3
c0326bbee9a2a838ac5b4a8d86742f67e334fd0b22c6fbaddb0098598ab88b37,Kiramomo - Bits N' Bytes (09 07 25).mp3
887da162956a72cc880ee8d8b9f986cf8c651182bc830df08a7def1a584af276,Konomi Suzuki - THERE IS A REASON (12 06 24).mp3
9d438e25c428acd483a5c67b2b6cc83713c8e4a242b0fb8ef33534a37f10d9cc,Kyoufuu All Back - Yukopi (25 10 23).mp3
7407e493f5d4c9104789c122c847edf4b35e4c2631c2e69f88973a17d5602502,LadyMonsters - Doll's Fall (30 10 24).mp3
0b2e1657452c223761fe764b70a8bab5eec79a3cbc41250b78552f6f252e4a3b,Last Christmas - Wham! (06 12 23).mp3
1c5f668d08f7f679f8be1b1f05aec86308cef8c9c8b40214a6a26ab1c7ef714b,"Last Night, Good Night - kz-livetune (20 03 24).mp3"
bd96807fdacf9b2341e5cefe1821c37959565aacd1cc37bcb940e6c464d05897,Laufey - From The Start (19 03 25).mp3
e59e488cd751f0e5e0ef6a28f86521f867d5df392d8bd417e1deb3a0cf6aa04b,Laura Branigan - Self Control (06 08 25).mp3
931d3335885dcbb0c679843c6d42874f20bd588157ba522cbc0843a78fb5fe72,Lenka - Everything At Once (16 04 25).mp3
036aec43f6083be56081d6ac97f8bfde2c8ec94df07e6e5aae53a38fd08b27ac,Let it snow! Let it Snow! Let it Snow!.mp3
9485c145741ba107fd8c50eb0871e48b10c78351ae2a8923512c7523e0bc8914,Leviathan - Chug Jug With You (06 08 25).mp3
d0da8ab2ac1cedb4abcf19bbffce2a35435e976d44abafc6cc6fb12f56344bb8,Lilium - Elfen Lied (20 03 24).mp3
f94a853573ec326676c0d9b56af28184968b7676a4bf342a1f67cb7ee20184bd,Lindsey Stirling - Shatter Me (06 08 25).mp3
1201f70d3e50b878622e609ae58ea759859e10fc68a1cc7cc2121631a6e94a5b,Linkin Park - Castle Of Glass (11 06 25).mp3
ee65e5619643e99117c2c9293e09e29d57ad57054ff70f006cf3252f3dd398b8,Lone Digger - Caravan Palace (08 11 23).mp3
91491c58e853731ba4968a2685f0b6478de5f9b54e55c9ab624cd76f61ded55b,Lost Umbrella - inabakumori (08 11 23).mp3
fc73dabc22589ab3bcfba865a93e6077f4cc720f5faf777067d0028023ac6446,Love the Subhuman Self - Daisuke Ishiwatari (25 10 23).mp3
ba49a24ea6445cd9daca86d00ae6cead461a457c3dc22254d9b0721521453e9a,Lower One's Eyes - nuyuri (06 12 23).mp3
fa3d3191400669de034028e9a7ca6e0ba6fc8c6b8492b700d54584129b0b9bd3,MAGIC! - Rude (07 08 24).mp3
cdd362784b61fa6bf260532da0e0cb2cab4e2c5a5405eea2be3db0232db2f00a,MNQN - iGhost (16 04 25).mp3
b261e588230f351178269397977b06ec98ba4aef31e58fe92f6f86f89692bbda,Mad World - Gary Jules (08 11 23).mp3
ffbcb27020e3a2fa42ce68545b80be9f188bae22aef5d278e0b8c7cbc0e9ba89,Mafumafu - I wanna be a girl (14 05 25).mp3
82446c482a6623d6d46e4870311cc5d8905d57662358bb1baa36764837871c3e,Manuel - Gas Gas Gas (19 03 25).mp3
e497122179030880989e12321b2993aa12b4dbfdde1925287a1c927190407fc9,Meltdown - iroha(sasaki) (06 12 23).mp3
c797976065aab2470789f13b08b75ca7f4836a61e6d9c257cf49e6b639f388c2,Men at Work - Who Can It Be Nowv.mp3
75e184d677a7dbe5d20e202ce07be6173fc9e6f985959c3002cde0c8e5125c74,Merry Christmas Everyone.mp3
743671ac1860697d2f9b76400918a06a0ad855f41bdb59ed8688c67799d0cecf,Michael Jackson - Thriller (30 10 24).mp3
05316e516f0b21bb075026307931f416f2efcccad82f64e5dfccb58d165f5f4f,Michael Sembello - Maniac (14 05 25).mp3
0fe59bbc710a6a72f5992e64f9360b92981c020b8863a384fd2d4cc6418bf277,Midge Ure - The Man Who Sold the World (04 09 24).mp3
dc9c0480b53109e0c49f5adc9b9dfdd99440c043a14bbd6f8ae6029af4283cab,Mili - A Turtle's Heart (14 05 25).mp3
cb179dccfa9b7c8bd4a3b12d4043f91ab89da83230d539a919c1aa6680686533,Mili - Camelia (10 07 24).mp3
49f7326f30927ae1ed90cc5f4b271864f4fb546241b91f751827401ee9cc7e25,Mili - Compass (19 03 25).mp3
cc0b4607c9d902bec4017fa29c5cb9897bd0f43edb8d0eaec0c5ffdf163eba2e,Mili - Poems of a Machine (06 10 24).mp3
19a61cbdcb7d03d883f0e25a1eee257f53b8a210f5e01793467f47569b8e525e,Mili - TIAN TIAN (11 06 25).mp3
6d0c2ffc21dc6f19a14bdd03bccc6efcf7e6013e8a55b84eb2e7e99da824bc8c,Mili - sustain++; (17 04 24).mp3
d01e22a28965a71a86b507feff9609fbc5bdd111bc3b81e9cbdbbe2a874c8d52,MimiroboP - Song of the Eared Robot (09 07 25).mp3
84dfd09e1e0966f19d47cd6e3d4daa5afba7243db18ced7a91d2745596e16066,Mitsunori Ikeda - Fallen Angel (19 03 25).mp3
63fa0079a2954b4cc727c7273f4354cb6c083a0ba8833ccaf3a3dee20af7e79a,Monii - Life (09 07 25).mp3
885aee457562961f6ab1a1649b37da4c0eef3b034479cef9a610e5ab437e47c4,Mr Brightside - The Killers (08 11 23).mp3
b6a82210b153e745aa41f1787a7dfaece669ad2efb9709fce67f4c2d5d7b67f7,My Heart Will Go On - Celine Dion (20 03 24).mp3
da8e2c747bc07ccefaa62bb8b4c497c1f84150b241bb67951f190b89fe45ee92,Nanatsukaze - End of the Summer (06 10 24).mp3
4f3769c404a3fec8620745ed1daba43348905c740bcdc4ac41eb308244636092,Natsumi Kiyoura - Tabi No Chuu (17 04 24).mp3
508957cdb1079873bbaf32dc1a7741dd42172a658afd7b2e6200579bd6211ce9,Natsushiro Takaaki - Near (17 04 24).mp3
62757d8b0a2d9827823e27b305a56cfb3ab3f67938a094eb51ef7006b1bc6efa,Nayutalien - Alien Alien (14 05 25).mp3
f8052d2fa5482874632c4c8c78c732abf36424fd942bc3c51160153ecd6867ef,Nekomata Okayu - MOGU MOGU YUMMY! (17 04 24).mp3
b5b920a9997c5802c3a2e4428fd17b043de089952d6b83265b458cfeea574576,Non-Breath Oblige - Pinocchio-P (06 12 23).mp3
ce4f92ca978acdd0aa0f6cddb7ed2ec7e5fe930ab1651d4998716d8f358f1937,Nuage - Crazy Little Love (11 06 25).mp3
6f6b2bde9cf829364869a1fecf8637e72a4cb602298143f18c916658d81d1ec5,Nuclear - Mike Oldfield (20 03 24).mp3
c53db3b4f6018b62a71c8675f737c748ddf6f66902f05ad4864d166acbc0845a,Nyarons - Haruka Kanata (10 07 24).mp3
0b0b9767704c16857caa2d5ad15e8e74eb5f02190c1416718babb94c8510c8a7,ODDEEO + KWWT - Chinatown Blues (27 11 24).mp3
ed405114cddf326cea29e73fabd227723f23be3089cc334ebc4b6cac2dade76a,Official HIGE DANdism - Mixed Nuts (07 08 24).mp3
517fbfef8a01ecd9cc57baad035b92581ff99136fc0696eb7f82e47b17820fd3,Omoi - Snow Drive (17 04 24).mp3
81c2b7272088bc88a04018d00357adbed330475a14447389567220d5181e4640,OneRepublic - Counting Stars (27 11 24).mp3
47f2f673c9abc9e878668a14a29964851a0afe5907a70f587172f7ab23b371ec,Out Of Touch - Hall & Oates (08 11 23).mp3
33a02f2e1554eb0ad087110b1c7059b9e00d24cf21698b3750299ce8bd00d552,Paradise - Coldplay (25 10 23).mp3
491891170c325f09c36fdd4164f26071d8526a61e61536f7929eb6c7b4ea5fb1,Paramore - Brick By Boring Brick (10 07 24).mp3
bf23a48f04ac153210efabca4a686930aafefbd7354fa6b47e4c79775f283972,Passenger - Let Her Go (27 11 24).mp3
21203368aabdb9be12c407ecb041237973d8346b243f3f983f538f1794b558dc,Pharrell Williams - Happy (04 09 24).mp3
0f84705557e9f6aa21bee736903f409b320f85196c4d77ae37ba5d00659535ef,Pinocchio-P - UTuber (14 05 25).mp3
a1ee7588575af112220ac15df33a75f66e80c00255964d2d9230840093bd07e2,Poka Poka Planet.mp3
43286da6eda1e4516dc9073d911fefc571130d315f7c0dd43ab57035f4f964ba,Porter Robinson - Easier to Love You (07 08 24).mp3
da369081477af938b0005a59b304abc3b32323500bee0d670c0df1c76cf6c403,Porter Robinson - Everything Goes On (17 04 24).mp3
0eae3b2bd42f7635810df09459937a4288ccccae5af5485c49e573f41dbfbbf2,Porter Robinson - Goodbye To A World (16 04 25).mp3
7c25b85e4fb6c5d815eef1fc393305e4ecf453354e2a9012e3dd7da79a6181d6,Porter Robinson - Mother (15 05 24).mp3
c076e6728433471aea2331593f9b4d1244ee40b5d74d69167e3d9ace4abdda67,Porter Robinson - Sad Machine (19 03 25).mp3
5b55179e0a7249425f983a134ef39931b0ae2fcf61232aa6ffc7a95662fad7e2,Porter Robinson - Something Comforting (14 05 25).mp3
3fc0c0affb689d2a181c38c4446638ccdae9704abe60646fb501d5186edf5149,Pretender - Offical HIGE DANdism (20 03 24).mp3
02d0d196de503383624072bb09cf4957cd68ab8b771aa1d4f409b6a40f46ab5d,Pumped Up Kicks - Foster The People (06 12 23).mp3
715002a8c563753a0fef1a0501d93127e091e5298df42be2078f7859ec50643f,Queen - Don't Stop Me Now (10 07 24).mp3
e07d8b485b79d0458892e9ac2984bb133adb895c75d65cddb62f136e4471020c,R.E.M. - Losing My Religion (06 08 25).mp3
24c72b9241b98c2c103912e9132a7f70d8f60e9455141d467cf3f0e02cada3f6,RTRT - mili (20 03 24).mp3
8e774409b96446ddd4d33dd5ec4010291ce03dbabeb49c88f1b620914bf323aa,Radiohead - Creep (06 10 24).mp3
955da74a61bf35d3e7534c5954b085571fd97355783a12d70edb7c7d58c55656,Rag'n'Bone Man - Human (12 06 24).mp3
1eb4e552ffb679c28c57cf999367134c79f7c87e1089d575eee676670b37c072,Rascal Flatts - Life is a Highway (06 10 24).mp3
f33e45fee068abee9b268d9b399f50aa4b0dd34e2900233158668fdcd3842a75,ReoNa - Nai Nai (30 10 24).mp3
1f66a48bf98df8b25d5996be7f88b0bd555aaf4f14fe924bd17b63fc3420d7e8,Ribbon Cage - fallenshadow (06 12 23).mp3
d8dc0d2e606c42be95982a345a001dc3d3d0f82d9d387cfd82648ef68454b55c,Rie Takahashi - Stay Alive (27 11 24).mp3
e9aebc03631f37639388b5a423d7ac2916bb8a5ac515c9c7d2640f577a57b758,Rightfully - Mili (25 10 23).mp3
5fe514e7a2e8d41ff2df2a0abe0253b6666bbae22439f9d8cf6fd97815136b6b,Rockin' Around the Christmas Tree.mp3
6d21571a6789a7f84ef0cf44d9946b5675db9faacbb2e3908b1f24d6c5e3ac04,Rockwell - Somebody's Watching Me (30 10 24).mp3
d2794997b5e4fd7983084d6ca28a956b2a90d15c3ddf4edb6becfda1f6be8462,Rosa Walton - I Really Want To Stay At Your House (06 08 25).mp3
d558cdeab580c3fc6e9801187db677ad992b79848dd4fb0ba1af79fb244509e7,Royal & the Serpent - overwhelmed (14 05 25).mp3
3adb67c9174d581aa3b425be77e0669ed633cc2943e2405714c04e610751fd09,SIAMES - Mr. Fear (14 05 25).mp3
f181f9c78364f0b470a2b7734a95b11e118b3097b532aa8371e33548faa0239b,SIAMES - My Way (17 04 24).mp3
d1d6f8339a6f67b5f042783aebf8eb5e2f82ab6eac2c78d89924552ae5236391,Saki Kabata - LONELY ROLLING STAR (16 04 25).mp3
64f64a1ba551799484ab34771f05c4f0b9fa8f40116e0d3b2c1ef7c80ebe82c0,Scott Matthew - Be Human (11 06 25).mp3
db88779fdedb46d3ec6f554036bd0f84a53c4deba7e22a7471936145778dad57,Set Fire To The Rain - Adele (20 03 24).mp3
0d81b14bffe81f5ee4a907ea7c068bf68c72c08ef31d6e7ceda8eae748736838,Shihoko Hirata - Heaven (06 08 25).mp3
a4a8c43e2533256eca45779bfe5ae4ffc7805fa1cfdb7e633464078341261fb6,ShinRa-Bansho - Unconscious Requiem (30 10 24).mp3
19ec4e55cdefb619b8bfc4d00f4ec506c76a734070ba7fc75172491558be15a2,Shut Up and Dance - WALK THE MOON (08 11 23).mp3
226640e7c5df2693e418cc6c7b10de3282db837f4ca1c2b1b5eb1ec23732d3ae,Smash Mouth - All Star (07 08 24).mp3
b8ed19e2dbdac46c44eb21af26036830ed3eca15a3b3d68d2b5cbdae4a1c4829,Snow Halation.mp3
84201f16a055bf3ade16475b67e7f0c200ccf2000dd8941a17d3e0b8c4913e4d,Sohta - Ikanaide (12 06 24).mp3
191f00bcd9d89802851d4fae0d12e43e6e54d5e929b80ef2369c243510d6b6c4,SpOwOky OwOky Pumpkins - senzawa (31 10 23).mp3
d70452d254781201bbad7deae512fb51e128a95a3399890d64acad0217995915,Stay With Me - Miki Matsubara (06 12 23).mp3
681f29ed3a9c14779aa4ce3969ad0e160bd17b10f9691cc6aeb3c7fa5fab13fc,Sting - What Could Have Been (27 11 24).mp3
337d775c03372c290a855701e3dffe18b8d7b332126d269dd05f107b6c95e1c2,Stuck in the Sound - Let's Go (27 11 24).mp3
c4a670edc3d2e3bc04c842abf7d21fe7cdd39fe55c3a8c47e7dcd02905397aa5,Super Nuko World - Mafumafu (06 12 23).mp3
41146ec70da706538b16565eca4ab022e68f1e4e0a2e71fef0ccd666841eea38,Suzie - Hourhand (11 06 25).mp3
0274ffb7e8b3cb65ed7688475381b1986c326a53ca1a5c9e56e27593d9c683ac,System of a Down - Lonely Day (15 05 24).mp3
ee9deaa79fca695051711a00a3e216f5c9e9a2622b0748702053dffbfd071b4a,TAK - Lemon Melon Cookie (19 03 25).mp3
64774df63f6b88f3c0f9d5a08d0bf6fe41d36f2dda27f60de87000aba2010ecd,TOTO - Hold the Line (11 06 25).mp3
84e758d16de8ef534b9e85dded75248609c7762b4b33c46b0a80a573baf589f5,Tabibito No Uta - Yuiko Ohara (25 10 23).mp3
b313cc7c6c23f8d74c98d847beef79df95a39bb69835c4c8c5e124165bee3af8,Tame Impala - Borderline (10 07 24).mp3
f26f940d3e7241d28b40f6a43e757877f62a8441a6566930f638cfa55dcdaa92,Tatsuro Yamashita - RIDE ON TIME (19 03 25).mp3
e52abc8a7ca475fd4da972d6a4f3351c71eb364630e7d7fc5065bc9608dbe652,Tears for Fears - Everbody Wants to Rule the World (06 10 24).mp3
bb194258b83444d004c6d7d9b82aa7bb86c05e911da63e688c559f4a1aa71e81,The Cab - Angel With A Shotgun (04 09 24).mp3
937460cec7d4a3997f447d9e1d1312603d7c86cea6fe33085f1ff278f721344b,The Cardigans - Lovefool (14 05 25).mp3
436098cf32d31db741920bc872c5464f37ad065a323610bb541206485082e1f7,The Cardigans - My Favourite Game (12 06 24).mp3
cb962c7bd8b7b8682b6a9a518efeaba98e5bcfc532fc04c4741e77ee3777b0fc,The Chainsmokers - Something Just Like This (06 08 25).mp3
6a1d82c68c63b9c404c44ebf798c9ef0222f4fd369c0a466399d81c162fb5b49,The Cranberries - Linger (27 11 24).mp3
23ca3836a4a41ec91fabb654642b093455f947f13da6f3ccd658c117c92e1057,The Cure - Friday I'm In Love (16 04 25).mp3
d9a060fe0f19d1ae6c4cad2731bbf68f6651b768be05024e5e014a96fbd7c76b,The Intense Voice of Hatsune Miku - cosMo (20 03 24).mp3
af11637e1c7a1055899b029e61fedfcc0e2ea7d9950fdc705e101ed55edffaf8,The Killers - Somebody Told Me (09 07 25).mp3
db249e05ae319f3a0d56d4df6feae66b2df806b091fa302a914793592a5245ea,The Living Tombstone - Five Nights At Freddy's (30 10 24).mp3
404efaefc8ab3b36069ba8f77291b6f68bb7f3101205eee0c9262ef7bf75b204,The Living Tombstone - It's Been So Long (15 05 24).mp3
18c5dacc6f5a18060bf1b558d37deb9120618f6de66b27e7115bd380a28da901,The Neighbourhood - Sweater Weather (15 05 24).mp3
5b08f3e8de41c2d992b57af964daa2174e1f1a9faa2b5fc1e2937fc29f0910ae,The Smashing Pumpkins - Bullet With Butterfly Wings (09 07 25).mp3
6325ccf25474d2ee85cf8ac1aca3f304b2a8de24e63183bf91cc8c8267410159,The Smiths - There Is a Light That Never Goes Out (16 04 25).mp3
12cde9a812b98c93a891bf4338e2c79f19580b2bb66e976abf236b5cd11aa846,The Spectre - Alan Walker (25 10 23).mp3
ae2fdcb6734c4fcc3002c7f903e8b8039ea5ccca06905dfa813e53188ea4214a,"The Super Mario Players -Jump Up, Super Star (14 05 25).mp3"
f77e23d60c193883e9c72f6a9607c4d2cabdbe663d8e51ae2cb0ad4e0a917616,The Weeknd - Die For You (14 05 25).mp3
7fa3148863257fb48becd3870a21c45485f7cf1bcdecb68687ae92dbd9cca7dd,TheFatRat - MAYDAY (17 04 24).mp3
f88d4e795034d7b7af05a579486784659253cf5d69fa53625736c47a66ba1730,This Game - Konomi Suzuki (08 11 23).mp3
1be38b1bd96277db317d690f2194ed24e4e6e83e0ffc77c9a1447d1148ee6fa9,Tiffany - I Think We're Alone Now (06 10 24).mp3
81d0125f167b91c760e7ea16fde0d5ecdb7ece31d5a15d80bdccffb0c8d4ef91,Tomoya Ohtani - Endless Possibility (11 06 25).mp3
5320cb61d904c2594ffac25fef02b542499af697a8df4bc812dd15f38bef88e1,Toto - Africa (09 07 25).mp3
3a3e2ad8c0005beb2170c4fa8819299513a311f3af4d7606da3e28c08a788fe4,Two-Faced Lovers wowaka (08 11 23).mp3
34d7837bb9742e2aed299a62f2642813a4ac2ee9ccf52f256bcec0621ceffc37,Utsu-P - Death of the Law (15 05 24).mp3
652b16fd0a868aae737e82f2517caf538d722e3c43e1c15ec4d2ccee83495038,VIVY - Fluorite Eye's Song (10 07 24).mp3
4e7676b008723cb1377110370d5f9b14d67dba7fce7b689f004d7b164e2d36bd,VIVY - Sing My Pleasure (27 11 24).mp3
8fced7005bd27bdfd179495cc754c99960d581a0309152b5fb12276dd08ed84b,Virtual Insanity - Jamiroquai (08 11 23).mp3
ddac9f02d64674e363f026b35d8811a4771feceb5b86ce54c5dc805febc093f9,"VocaCircus - Hello, Again (17 04 24).mp3"
02aadeec6b64a4f6af3dbe49897aaba9989689002bfc463591fcbe042901a21a,Want You Gone - Jonathan Coulton (20 03 24).mp3
075cca52212d4ebf0ba4807ad171bb4b2c6055d0f8e7f51992f35409437b8d9b,Will Stetson - Writing on the Wall (10 07 24).mp3
e72be73ce6c797fd24d7e07ce8256e4342edb6947490204446c6fa5209c16fc4,Winter Wonderland.mp3
e4079f4b53db7577be71e4cf706ca17fa14cadf6bfbb7f1bf9e27e99908ba857,Wonderwall - Oasis (08 11 23).mp3
583ecc455e7c89214b68cd652909f60d9146e9e2e756dfdffa3294661eb6ba94,YOASOBI - Monster (15 05 24).mp3
6c585a91c7ce726ea2a1a80d79b869bfc414b4e65172a3c4be346d5580f1da3d,Ylvis - The Fox (06 10 24).mp3
98a40b417d5e48a1415eb71135990f41d73f0d57ddaa7e4c12f5ed628fb31192,Yogscast - Diggy Diggy Hole (12 06 24).mp3
087ba2dad49496a7fb8943b8e4af2fdc544931e9b830841d2d72e89de04a81a6,Yoko Yakahashi - A Cruel Angel's Thesis (10 07 24).mp3
9e7232c7b78fcfccdfb739eeae1647cc9f70041ca29dc8cf2c319e3228062ede,Yuuri - heart111 (10 07 24).mp3
1e182efde25aff3c0b8b344a97eeafa8e16bc7b9327d59b3967a4c970a9e0681,Yuuyu-P - Deep Sea Girl (12 06 24).mp3
f5cab2a551f50130fe18c1ad0656fc2e6153c1ace2da529cbc5f011e65ae25b5,ZUN - Bad Apple (07 08 24).mp3
b3dc7c2a7132ae3cace61fc755cc1c6935edbf5f007b7fe484afe1c80b071086,a thousand years - christina perri (02 08 23).mp3
aaf467f63c44907b0f75d1c0e0d70d52fdf7d48797acc7ab9f60ec501d2d0d9d,a turtles heart - mili (27 09 23).mp3
89a52ff703bd1a98d0634d4b7dfc9d9dbe62f6fe862084208e539df25a3a107c,after dark - mr. kitty (21 06 23).mp3
bcf66fdf8a9ea9287be125b06de190968e001ff824b81732256446e49d00de70,ai kotoba - deco 27 (13 09 23).mp3
0000e4c43c27f2bb8469af738f08a7a115be3e6be271e8afb61a8a92d1f95387,airhead - picon (02 08 23).mp3
dd430faf1e5e9ec192b95c51eea13318b2fe38d66691fd94423c12b7c343644c,alien alien - nayutalien (02 08 23).mp3
c2a2cff0dd603acedcd2fcd6ba425a835f01adbc59c450f7f3f3ac4dbb78b3b9,all star - smash mouth (21 06 23).mp3
d8d98237873455a6efabba96a154fc995482d70afb8260d82d7b8b83ce064f83,android girl - deco27 (16 08 23).mp3
5a7da62aac3fcc454544ea1d031e851c56433907e31f3e795731b46a4d02190f,ano - Happy Lucky Chappy (06 08 25).mp3
4d01e88844099d22a954cab673f36e4922f6d95cc1ea1b0cc40fe01497df7095,bad apple - zun (21 06 23).mp3
ae9e99824549c340dd2ade7fdebdf01a785763152491fdae3ea87b5157295cda,bad guy - billie eilish (27 09 23).mp3
3f98d9f57cb3482b949d4f22f094df5eede6dfed9f2548467fcc76e23f0d60bf,believer - imagine dragons (05 07 23).mp3
ddbdfd2792d8090246c9845cbbb5d08940bb2797403ead0538bbeb60be98c2fa,bitter choco decoration - syudou (05 07 23).mp3
bf243efa3824cb9008016d1df9be8a3f6ef889cc5d8bec06ec00c1f2d3ac788b,blinding lights - the weeknd (27 09 23).mp3
451cf0b0a013d9c2ab2965b6ad84ae88d3ab3db23f69f3c29aa4a7f0b4b7b8b0,brave song - aoi tada (27 09 23).mp3
f5503976e8458be13f50ef362e3cf53c6ec62a1194500ee636171e36b6d038fe,bury the light - casey edwards (21 06 23).mp3
fdeca9570acb08e3ad6730ed5f2aec22de170588130fb45fe0c8a91c2e1779da,careless whisper - george micheal (02 08 23).mp3
81076bc257b72927de3970aff3da5e2e45c592973a5159f5424bec853c3c20d4,chandelier - sia (05 07 23).mp3
3dfbee77c6393c504ceaba4c12749386d11d2d7a1002440461b92a680770e27d,chiki chiki bam bam - queendom (16 08 23).mp3
189695faabcf89fe97d44ac9a7795a152eabdfb0da014cad752d24c8d94da9a4,common world domination - pinocchio-p (16 08 23).mp3
97821deb16448ec9e687781880b7a36bc766dcd3e1d38e4d5a1de56e9ce8ddaa,compared child - tuyu (27 09 23).mp3
fc3fa73b59e5aab1b69386cef6a0d59652bd6a5a7a98cfca3ee7aebceb926260,cupid - fifty fifty (02 08 23).mp3
4d9f48415b481c50871f88c58ae8f69506d958c79851cd96b27f148efd7f82fc,dadadadadadadadadada - high driver join. selen (05 07 23).mp3
a0f6cd46412d3037e4a47e7cf68c834762f03859f0aec4f0697b6dc14ebad5b3,deja vu - initial d (13 09 23).mp3
f4d083f05246a17bc73105b368862c0a7f19e38f8238a5464cf2fea984399a20,devil town - cavetown (13 09 23).mp3
5e2cd8864285e9b85b22c444e35457647cd050bfe53d56faab2e93d8932ae380,die for you - grabbitz (27 09 23).mp3
51985d9209401caaf1df7d3fdf19f5de34ceed65fb24ea225ee3309ffabfe7ca,digital girl - kira (21 06 23).mp3
02261dc68ae2c5b7447e007e75a56497abe2d6345bce80416af1ae752a29f084,discord - the living tombstone (21 06 23).mp3
fadcea65c239806098251798a154b48f1e605a6cc1efc409251b7f77b253b2d2,dreamin chuchu  - emon(tes.) (21 06 23).mp3
0a10cee139ae039ba3a1f76d4baac50995578654dab5e989bb9e9bb42c7f7dc8,duvet - boa (05 07 23).mp3
c8384d3d2a9b36fcb00ceaeec50280dd68f5af1d55d8bc912b29b39e20738b14,echo - crusher (16 08 23).mp3
ab64330666c0c93e62fe6be0b4e26e81160de0bde498041f152c910481911e35,enemy - imagine dragons (02 08 23).mp3
a09230505a60a27db14d816841455bc30d2e18c280ddf74846bd6712ef0acece,everything goes on - porter robinson (02 08 23).mp3
cf9bda035347cc0bcd50b15bfb22bf3606008a19eca288119217f2e5841d6432,eye of the tiger - survivor (21 06 23).mp3
b5a74134b59b9fa25c9b221d80676c753008284fa956718a378b7e0a7b5859d6,faded - alan walker (13 09 23).mp3
a5b23c46985b298d84deea3a20b041a66b105e642ebb2ecd47a7b1d4ad083f20,fireflies - owl city (02 08 23).mp3
97debf49ae1b4cd17f8d57dcc383c9bdf06e65e0df7c630dcb864f5d0aec6797,fluorites eye's song - vivy (02 08 23).mp3
040c5fcfd484ca9e387445c143f4c113bb2d8e03559b07d3ba04cde2326e5d18,fnaf.mp3
07ee5e3a059c64dc5c2b5bc4df8442095fb476719a8ca2b8bcf549f9a6252a1d,francium - nantoka-p (02 08 23).mp3
7727bf99c26d49b936ea40010fdfa17111296898fe866eafdcaf60f601103f59,fukashigi no carte - hidehiro kawai (13 09 23).mp3
6a9619761626870e58e9e26e327ce56dc739a1db923e6dabc1fbcdf59141437d,fukkireta - lamaze-p (21 06 23).mp3
7556d3ecf451ee7feca6dded21d91f1ee9a48adc276bd2cf1323b371ee3bd453,godish - pinocchio-p  (02 08 23).mp3
003a24f77ea5e66851198ba2ce4540fc0b8a680361f25184ee74d721e82e0738,golden hour - jvke (27 09 23).mp3
a2d4cef41b76657221913ba28757b5d103d568b1e0f74d30045dcec3ade00ff3,happy - pharell williams (13 09 23).mp3
15e7b6e6f91c693a1cd7d58517fbcaf7c02327d608a93e7b42451a4edc8fdfe7,hated by life itself - Kanzaki Iori (25 10 23).mp3
cb31767f85e87cdbea24c4a0cd85a36c02d551b1af90c106cd8842b2bf12c36c,hello planet - sasakure.uk (02 08 23).mp3
e83ce2f176d19cacd8381c90f8d4fd9d6500775ff2aeac1a45df61764ef0eb74,hello world - louie zong (02 08 23).mp3
9845c573524ec6aa8c12e4b4008f21515fd9e813181d8c0c850b4cf51b1d7caf,hero - yoasobi (05 07 23).mp3
96294655065df64c86dacaaf8aecbc1cbedb1a8d01b9194df28dc2ba832eba54,high hopes - panic! at the disco (16 08 23).mp3
0a48200abcb596d32c642155f2267c1f558fa17a29df5e40219d9ddf7e43fcce,hole dwelling - kikuo (05 07 23).mp3
8a75479ef97107404aaaff02309da51f6266c0189e25b2a0517f0899b9451561,human - rag'n'bone man (21 06 23).mp3
08ad1a081e4d9d84658bb096faf515149aa24a3507965423834f061ee3ee257f,i am machine - three days grace (05 07 23).mp3
dfe91c5211e0dd92d21e58848b0177938c446f7da0163b18264d6797ddf5d5fd,i kissed a girl - katy perry (13 09 23).mp3
20e9c033527ecb293f7b05ffbb038118a7bc0a32f38011b4cbec633bfce8790a,i want it that way - backstreet boys (16 08 23).mp3
14def4909db1c152d036b1b412c372542efb3a9dee283c0af9bee484f3c94a58,icarus - starset (05 07 23).mp3
1e3fdc556554bc4421bd64e120a39f209e7574c48d2a9d3c344b5d84aac49335,idol - yoasobi (05 07 23).mp3
e0bb28d86733408115c638cfc48470f4f58a22d65a9785ecaebeb1b72b27ca14,ikanaide - sohta (02 08 23).mp3
cf4335cec3c8ebfa1f9940bd22c5dffddc7054f0a84cb3c42d060040c46f0273,ikenai borderline - walkure (05 07 23).mp3
1bbbedefb43790c20dc96c90cd87a5149eafbcf6f6cc867fc4d7b30537d2418f,ilem - Pinky Swear (06 10 24).mp3
62d66b27ed0817b59a612d31a3c78378103ef684f6706523b349405f3dc06427,im blue eiffel 65 (02 08 23).mp3
98791180311826782b6025c37a48a1d3018d6dd151586492410e056ecfb503f6,internet overdose - aiobahn (16 08 23).mp3
f3d64b1b383d77ed1888b864435caf368821296670960f7c2b347e57384e56b7,iyowa - Living Millennium (09 07 25).mp3
4611040905527b7604b94eff5eeb1194e30c2b82be05ea75165e17ee55427289,kz-livetune - Tell Your World (06 10 24).mp3
74ba40e00f70c4d14796189e14bf64a249c430bdada9809eddf667a2dca24728,lagtrain - inabakumori (02 08 23).mp3
3e7e16d9179b9b4d6711bd6791f3f2c2373a25f5c97168fa021f4cefaa3bca42,legends never die - against the current (13 09 23).mp3
5575272b4c356d9506305db78cc3d66ac41f82a936e36e169e47e5ab82061a35,let you down - dawid Podsiadło (27 09 23).mp3
40f0fbe43fc5ee6881e785395498e02b7a27dd06af67b56f1c0d4dd00a77716f,little dark age - mgmt (02 08 23).mp3
0a8506c0dfffc595ca3063aa27a9a607e997797468a98e93179477390a7c10e6,living millennium - iyowa (13 09 23).mp3
543278b207abf14ec25afead2936c89ae58e5fbcfb288a78039b60add6adecba,losing my religion - r.e.m. (27 09 23).mp3
94f1321e22140f0ca682732216b41166b8f7ae69da6b721d4fc181514cdf0663,luka luka night fever - samfree (16 08 23).mp3
9109d74523dcfddc322795e12e69372e7d9eba17b4c7174e373ce0af64fa021b,mikitoP - Shoujo Rei (15 05 24).mp3
8c72f0ab009107b225869ce0207b2c32a74bf7f9c2ba01fe26cd6b888453fb9b,miku (neuro ver.) - anamanaguchi (13 09 23).mp3
e62c57221f7cddb44015aff5ea7e20eceb4882b05e5317533a2ebd0a7e1e9598,mixed nuts - official hige dandism (13 09 23).mp3
b1e470252e49724560ed52e1daccb2d1f5ada6ce4558685d794b3dbb6bf35f17,moves like jagger - maroon 5 (13 09 23).mp3
294efd2fd545d58b60e8d08f5456879b0b1370539ce2988264d6b048ce615f5a,mozaik role - deco27 (13 09 23).mp3
0e597fa8c0a40852e42a023ad131cd989b9b9a8ad25454ca2cf1b48780d95175,my time - bo en (02 08 23).mp3
b70acc946c5f0c6ad21cb1943b42d1d361745a1dac18861a586139e4bff894ef,never gonna give you up - rick astley (27 09 23).mp3
c6417a4049ee1a941811ccfe18ea6b6596fc338e1fb36b46e9e40d6161f17e18,numb - linkin park (05 07 23).mp3
0936ef8621d73e938a1fbaf483fa706b13177393ef07cec9759de45918e657ad,nyanyanyanyanyanyanya! - daniwell (13 09 23).mp3
32540d834beeb8aa1ee6efe55b4217470ed01faa475c00689afb683aace92ba8,ocean man - ween (21 06 23).mp3
3b42bab9e6dcbeadd51d115d041531866fbb23ba7f9c4ba507e721282089e3a1,oddloop - frederic (02 08 23).mp3
fe30116d19f94cada267a97802856141149ede61eca3f3c4fe501685f28632a3,padoru padoru.mp3
5ffb1832e924dd8892fc17d32587371f508bfc6336082b467e2f4c71fee6c656,perfect machine - starset (05 07 23).mp3
641570b11f87fcbc56d35557697fecf0c11df08afd452a86d77cfd31f130d5d7,phony - Tsumiki (20 03 24).mp3
ddc415a3df05fee48e96fbc93a3e252e8fa3026c1eca7f0b3d1a34e6aabf9b25,poems of a machine - mili (16 08 23).mp3
bd8ec5bad7106b7e97ec88e8e931c1f90613a244dba28a3d0deef0b95bbf38c2,pokemon theme song - john siegler (16 08 23).mp3
f43a1b866eca26423baa96c9bf9d74354c3f0f1d60d63d4e6e997300ac4bf642,pompeii - bastille (02 08 23).mp3
5bf90b65582773148aeeaa136a251effbaacfbc09d074b5d26780dbf0b6968a7,promise - kohmi hirose (27 09 23).mp3
badf620c80cc17b4f10aef917975536ada3666230b7eee72e7b429df94c0d2b1,racing into the night - yoasobi (16 08 23).mp3
c95a214edd4d6b2434e2af7f673ab24b6adccac15db563fd992d9e0901cb6e8c,radioactive - imagine dragons (21 06 23).mp3
95e9193370de08072b78f8ae75d83ba5bc82c019e000853c334a65a6cc785a80,rap god - eminem (27 09 23).mp3
72289f7e5a71ff9a92dc14ee902216b546cad02fb1ba32e51fe98c79a75bcdaa,really wanna stay at your house - rosa walton (21 06 23).mp3
bba22c9870775b365d84ffe38b1241855d4c58f5e70f60aa9822609262c2f5d6,reincarnation apple - pinocchio-p (27 09 23).mp3
13792a0ed71bfd5f523c7032e7e055be38a0bc6ae490d4b6a89cf3e7c8c31121,relay outer - inabakumori (16 08 23).mp3
9ecdcd3e517c7bbc92af80a6830508b190bd44f7ee6f5bc456504e0c582b5397,revenge - captainsparklez (05 07 23).mp3
8f1c3a7b328fb20b5b58a096eabc21e7a6ddeeeae5ffbc82b7792c18180f8099,rockefeller street - getter jaani (16 08 23).mp3
c3c6aeefb1b556628e9a22d420dfd4b398b1db9b4745007a98ce2f561896d8b7,rolling girl - wowaka (27 09 23).mp3
94583cccaf4c08ea9e67284906a5369d0e658df73ad93b4abf05870bcd14b9f9,ryo (supercell) - Melt (11 06 25).mp3
e9fcacc89d9433181cd1e2a6a443b0d63127af81f43af0b8ff7820f9596a26a2,sad machine - porter robinson (05 07 23).mp3
d0ca2b551b9d30cf644faee07edd570ea88dfd1023e8836c984a91700357c235,sasakure.UK - Hello Planet (10 07 24).mp3
983f1aba3e6a591d3ac66eeca9e12f2178ecc6c1d75c179f1fa7b54721e4ce6b,sasakure.UK - TONDEMO-WONDERZ (15 05 24).mp3
ad595db727e48cfd85bd11083ce97d61c4bf2228ea13c47ad7ff173be972f471,scatman - scatman john (13 09 23).mp3
4dd864b7aa803d752bb1640b19922c87fdfc178b82c97a1a976ebaae5c394c0b,senbonzakura - kurousa-p (27 09 23).mp3
11ff6bfa590db2ea9714a779980fcc4c12bd54a376211a8e95e452378481c724,"september - earth, wind & fire (do u remember).mp3"
0fba010412070f0016121311c6f32f432464b6d03d2ae0bd0df6ec8e04d0c008,shelter - porter robinson (27 09 23).mp3
2af3c84b1e97620d7a98ba4bcbe07d723a436e623da210507a52e3e06bcb9a1e,skyfall - adele (27 09 23).mp3
7eab00ed67eb57765e54c5fda04810cf52921a8bcca4e39493d3716fff4754e4,slash slash slashslash slash slash - x0o0x (08 11 23).mp3
398608c1549f8d9fe9109dd27c5b26ffe15c78b8890e3e15f088a4850bebb304,smooth criminal - michael jackson (16 08 23).mp3
634b2380f253618836d83305ce327f78b3e26527ccceb0b9474cbd3b8f38c6a4,snake eater - norihiko hibino (13 09 23).mp3
174e0b5f6f464696b0f4ce3c3a8efa39b699a07356b482089444c44502a9d907,snow halation - u's (21 06 23).mp3
6d557b81d5332e45f9b92944b6636490fb711897c157961ef30154612d37f0a8,so what - p!nk (16 08 23).mp3
4e54edf1609f753f6ef6dda999573727628987e93b845cc0d2683a73c1ed7c11,somebody i used to know - gotye (05 07 23).mp3
e5a04bb1f33446e60213ea42b9f849a6f71038ba918a66d6878d5e4ca4800577,sound of silence - disturbed (21 06 23).mp3
d1ab4052552d4b76f88145d8eb0b81c9d7e89c4f04050f73ab44088ee4f40e48,still alive - johnathan coultan (05 07 23).mp3
04aed9e8fb2c62e534cfaa8918071fbd88f352615b9bc1284ce5b80f57ad8844,string theocracy - mili (13 09 23).mp3
f2913242838f73edd3e47a1e8f5653814e2f19aa75fcc053da9bf51fc4e589b4,styx helix - myth & roid (13 09 23).mp3
d3e508649a5fda80c52b8706097c1c1f8833e3eb5f4393015ae2c3fa40bb040b,supercell - ODDS&ENDS (17 04 24).mp3
854beaa7c4454aacdf834527a1543b1b507fd135e6a9599f1b4247382bd4c88c,supercell - World is Mine (17 04 24).mp3
17c3d9fe39756c14ea7674e2a9e764245e56638d69121ffab90698f59181caac,t.A.T.u. - All The Things She Said (19 03 25).mp3
67ae0c2918a7f84bd1419cc716f0912741f8bd402006adbb8f1c17677a79749d,take me to church - hozier (02 08 23).mp3
104a9029085cc1527070cf529564688afb089fa971a8ad60a591dc909e19fdd4,take on me - a-ha (16 08 23).mp3
740b8899f5a306217c102b7c212c2989eec3f990c42c3c73e354e2cca663b367,teo - omoi (21 06 23).mp3
055cee418b47598895ec05690a318a2a3b2fead29fcef9267787b88f8ee2abd5,the disappearance of hatsune miku - cosmo (21 06 23).mp3
3ca971262fad85d458a2c14ffe9fcdd04e5e41865c63764c6b8c31a03c9eda3a,the phoenix - fall out boy (21 06 23).mp3
5fd9ad92b57d98bd35962d5c51c626da7628db8a15f1398b024592f47cffc5c5,tiny little adiantum - shibayan records (27 09 23).mp3
f81d421db426a3dee4d2534a1dd1bb21d1a74fcad19eaf2eaf5acb4c4e0c2122,titanium - david guetta (16 08 23).mp3
7afbf065ad71cdcf2b96defe3613cbc7e7ed72b97cc256d2750e46d6ca7ded59,usseewa - ado  (05 07 23).mp3
ae9788e24db2e8c826e1ccb08fc17f5961b2c323d678bace5b78a2cc9ab6ec6e,vampire - deco 27 (27 09 23).mp3
bafb76b62840eb90a1f86e9c9d528f4ef3cab8dbc82d1af8ecfc26ee2fb42c83,venom - kairiki bear (21 06 23).mp3
fa3826631160f3481191fc670e6031790e3813dfda4e02f9d62b2353d89d2b69,villain - kda (05 07 23).mp3
6c5506a47797d60f8dad4080cd388a33face7a13163aa5ea2a609068ed809ebe,viva la vida - coldplay (13 09 23).mp3
dace13de98773f241343276f80125011339de5ce36f0def9de9517ea0b940806,waiting for love - avicii (27 09 23).mp3
a248d28c9b9794adb1590dcf10fdbaae9cf552dc22f6059df66d3577237f677b,want you gone - johnathan coulton (02 08 23).mp3
77881b298da75f359c3032832c3365d16e7cd2bd96cdb7856e207e08d6a73856,welcome to the black parade - my chemical romance (05 07 23).mp3
40c434254fdb1317ceaf300030273cefe448417aa91a005b4f6365ec5bda2478,wellerman - nathan evans (26 07 23).mp3
07366d7693ae671fcb6ee143b8a0a6c59b77147d842485460a57b2f54e8d19b1,witch doctor - cartoons (16 08 23).mp3
1ed3833ad5feca0a3e4e6a57ad707162dbb4f94ce0130fa0164ee6ceda45f9b9,world is mine - supercell (21 06 23).mp3
83c63960701fbaadc3d6dd4a5984a9e9cd03bd135fa1c567833206b9f9fb2f1c,world.execute(me) - mili (21 06 23).mp3
3aef47ffadf1e677978dd196d4dd3668909052d98ce660302b1b2e1a48d39fcc,your reality - dan salvato (05 07 23).mp3
9392408a97bd3d1bb7db23e1e842e910083b35575f8ef5c984756a69532d1033,味素 - Retrospective Poems on the Planet (06 10 24).mp3
7c2466aa3bb64ec05c642269a89f1a62a8be250a70f59c91638181315e2cbc20,Anniversary/neuro anniversary mashup year 2.mp3
03193ceaeec0601574a03bba17b4febb1b65a7f9316eadc12c63830773e0d178,Anniversary/neuro anniversary mashup year 2.wav
6e1ca8140e8824e205294ddfc21befcd44a37d6891dd633541a8e9b8794994e4,Anniversary/neuro anniversary mashup.mp3
93a0db7bc03f5f8073ec12c2365f5eafadb32fc6806076776b57b6d85bec1c69,Anniversary/neuro anniversary mashup.wav
e78df3b69db9c9901e97bc8cbd56f39a3a96742edf66cf858878847f2391fad8,"Duets/1, 2, Fanclub - MikitoP (08 11 23).mp3"
13883fa5ff5641da6bd662e8a6c42dea711560ebf952d0794530595a1abc8b28,Duets/Aiobahn - Tententengoku Jigokukoku (02 04 25).mp3
d07277550616c15745b6a65db72f12b9317ef0f40edc528e5dd6a4cfae2a8d45,Duets/Alan Walker - All Falls Down (25 06 25).mp3
a075abc8eb7bd728d0cc20350b7ee8bc6ab5fff9e96c0045944f0b71f51c150d,Duets/All Good Things - For The Glory (18 09 24).mp3
b0c9232ef18d599fda751ad2b6f94c24534706e0edc37ce015bd20debc70e145,Duets/Amala - Daidaidaidaidaikirai (30 04 25).mp3
ccc93342281ca45a53f470335ea3291f4681f13b32ab7f0925d5d2978b023442,Duets/Andy Williams - It's the Most Wonderful Time of the Year (25 12 24).mp3
f6e10385ae065c4d30ea983bf214687ba02a5eafbf7e1791edec5ed591fc2ecf,Duets/Avril Lavigne - All I Wanted (05 04 24).mp3
e94d021e6e92b7a0d3a121c63c83e2b112649f102623380cc35d475afa3a4d98,Duets/BPM15Q - Rad Rad (25 06 25).mp3
d46fd47aff421b0387a06a28435d7634c18dea4cab1f8612e9b49342b0b74265,"Duets/Baby, It's Cold Outside.mp3"
37ba33ecdba7d0eeca9e1833ee0955cd10bf302ee89e774a0ace58a855ef2623,Duets/Ben Abraham - Have Yourself A Merry Little Christmas (25 12 24).mp3
1e1e1144b6019cd6d68589cbdf235a36016e3380108848adc9006bc4a67b39b4,Duets/Billie Eilish - BIRDS OF A FEATHER (06 08 25).mp3
faddafd2ffb891c14aeea2332b4e58b735536005dacba92e4124d34c998b6613,Duets/Billie Eilish - Lovely (16 04 25).mp3
633ed9bfd4029727ef110471e550e6e1b03bb038b6ee21ac45ff8677f8c61bea,Duets/Breaking Benjamin - Blow Me Away (25 06 25).mp3
8dcc733cb88645d320c553c1db5f12c69390d31bbb816bb7838f3f87a83c897a,Duets/Bring Me The Horizon - 1x1 (24 07 24).mp3
28639b0018a08a9e35c7a71f3fda86986ba943a57a5470c13d5b0db41ca92d72,Duets/Busted - Year 3000 (23 07 25).mp3
e384e6047cfd6ad27b6b59b7be0bb55a82ae0b8e13211c7a7eefea5f4a76e5db,Duets/Charlie Puth - We Don't Talk Anymore (10 07 24).mp3
633d29ff0e5c2c8c795b644ddc17a9575b1a2908fa003b6c92396c189bb40760,Duets/Childish War - Giga-P (25 10 23).mp3
a607bb89317c1ba3481e9d7da237d029da0fa2ee66bde4fe4b91acc0e490915b,Duets/Citizens of Halloween Town - This Is Halloween (30 10 24).mp3
3b2fb738d200dec920dd704273d51f40a36dd4f65b8a769e95cf8e1c5834fbfe,Duets/ClariS - ALIVE (19 03 25).mp3
1f779279b663bd87312df1c42acb1d503e70fc683c1cef37b00d2fe5dea7e721,Duets/ClariS - Connect (13 11 24).mp3
185bb149190ffebb1ce29d3f97e7afa6f72ac362917b5763342fc30308e342fd,Duets/DAOKO & Kenshi Yonezu - Fireworks (12 06 24).mp3
fd6a40ece5a0e036c9baa92987a07d38fd40eac417e88b301da2fdc58789475d,"Duets/DECO27, Pinocchio-P - (Not) A Devil (05 04 24).mp3"
e338e3b037006433f807e6e668f878758f68f03d7696d8b76b7a8c76c1b13b53,Duets/Darren Korb - In The Blood (30 04 25).mp3
90fadf635468d6bad505a0b216fe1cb3f9f551c7c1bed8cad4eaf08d3fee2288,Duets/Drakeford - Christmas Again (25 12 24).mp3
c792764ce46827b819d535c08b19f451676eb49737627046bf29268a90b37021,Duets/ERA - Ameno (12 06 24).mp3
c36891c1813c07f41777caecc6670d1ce249d890adc02ab2589f14b953f9e9f0,Duets/Electric Light Orchestra - Mr. Blue Sky (14 05 25).mp3
fb099ee3f9b8504d6c39ba61672c6acc2583e399c1b42524231a7dc68e601145,Duets/Ensemble For Polaris - Vivy Fluorite Eye's Song (s.mp3
59efc873c7e1eb0b7fe21c289d917b9f82f6b60eaf982696dba9d689dd562a3d,Duets/Eurythmics - Sweet Dreams (07 08 24).mp3
c823113781cbd6864d75fcc86ba4b21e2278d59ae30a459dc6dc8169e8be029f,Duets/Evanescence - Bring Me To Life (bread) (29 05 24).mp3
1f01c992816d7396f70103558d4cb6c62438be6fbb6b0e2cdab558a99ff71be7,Duets/Fairytale of New York.mp3
f646aee03f004bb3923cc79bb2de1ffbec9618003b0446d745a527b1555e18ad,Duets/GETCHA!.mp3
d9c721ebd2f6c575d1c9634783a46aad2bee3d1ee39d5536352b6607896fe161,Duets/Ga1ahad and Scientific Witchery - Mili (11 10 23).mp3
a35782eecf2b712afb41725c19bf83e1e7084728a4e9020582fc14a60c97f32d,Duets/Giga - ULTRA C (27 11 24).mp3
b2c9b55af036002246a0423cb10b502f8a6648c78dc182258143e3b93a97f7cf,Duets/Haelstorm & Prevail - can u see me in the dark (28 05 25).mp3
e8eb662beda06d840897e0799e5bbdae270b4c1e702d16154a1fdc5dfc850ece,Duets/Happier.mp3
bc802a5575dc8e79e2471081d2dc08ddac943d1bf089b999d5c4ef7445881ca1,Duets/Harumaki Gohan - Destiny (09 07 25).mp3
b64b05701a9907ac4f3417c404fc6972595fbb909092a1783c68e9220c3e7929,Duets/Hikaru Nara - Goose House (20 03 24).mp3
6093f2962a027934dfb31c23c6e9deb890ac2152b9e58eb803659cec49836433,Duets/Holy Night.mp3
63c5c9f9ab6ee48e974c6a60c78348f08e817dde1040e13685f4b908361be493,Duets/HoneyWorks - SisxLove (06 08 25).mp3
185ae7a0ee529ddb9bcc7522d7ac674d0338a40b4a62cb5f74d8f91c8f4c89e5,"Duets/Ingrid Michaelson - Merry Christmas, Happy New Year (25 12 24).mp3"
f8a57ac1507e42750ebcf399587d4b6833b63d7995e119b08bc4d11ee1e6df31,Duets/KIRA - Voice (05 03 25).mp3
fb10aed0e714301acda1fe48eff6b7d969a6c120156c63d0b7eee4921aca701f,Duets/KISARA - LIMITED QUEEN (02 04 25).mp3
6fe27f7166fa7cb6da1661c44f0343317923c2c973cf38476d0524699d687de0,Duets/Karen Aoki - Great Days (24 07 24).mp3
ad3259b941dd6929173ac74ea278c93f78e085e6bcc6bcd65a9fcee2f8e34abb,Duets/Keiichi Okabe - Song of the Ancients (23 07 25).mp3
0155fd0d23544294655252df37038b1eb6e767a2b5bb214a0a7dd228144ad9aa,Duets/Keith Power - Sleeping In The Cold Below (06 10 24).mp3
e28a1f67000466490d3c027ecd379d014afefeb937994f66fb4b3a38defe7c6d,Duets/Kocchi no Kento - Hai Yorokonde (21 08 24).mp3
00198ee9ab8e66577a734b7666f8f4c23ebe24fdcc694b922700f963a99427cd,Duets/LEMONS - Brye.mp3
69371f2060ee1ccbc8224d61b69b67a5f903ae6189f01106b909724f6577b585,Duets/Lady Gaga & Bruno Mars - Die With A Smile (11 06 25).mp3
aeb897a4a83c25730df1f51c3c4a3dee45205827d811f8d8593e763c8ed2f542,Duets/Lana Del Rey - Once Upon A Dream (30 10 24).mp3
9f719a10a22728dec0d1d7c6d90ebbef5245d78109174c26a6fe795660691662,Duets/Laura Shigihara - Zombies On Your Lawn (19 03 25).mp3
43f68f895296c1a8b05aa593ef9f2cdb90b245ca1345266811ab23de8994dd66,Duets/League of Legends and NewJeans - GODS (28 02 24).mp3
e1e9b89e2b5f080201f2cb681cab144505cb2b2d396292a5b907ef188c118bcc,Duets/Linkin Park - The Emptiness Machine (13 11 24).mp3
fc7ce9e2b605b26dc8e2e4394107e35919a1abe31563ca27a54be9b73d1efe62,Duets/Mariah Carey - All I Want for Christmas Is You (25 12 24).mp3
ea2283e9e4d83a1ba8bcf0336ae1c616f76b3b97b36b3a05f0ce5573183c8a06,Duets/Mechanical Heartbeat - Culprate (25 10 23).mp3
fa2ed412970ccfb1f48e2682a12867eb75560fc87ccaa0cbdceac7da34d7ac18,Duets/Meddmia - Unfriendly Hater (28 05 25).mp3
7a58d575c57f0dd432fa223c5516f0ef7879f2203218dbbc8b750558a21b1c54,Duets/Mellowcle - Where shall we go (17 04 24).mp3
5fb9ed0391f786671a2a3464762a721a3427f3d22b75834d85fe683452d56390,"Duets/Mili - In Hell We Live, Lament (Let's Lament) (27 11 24).mp3"
ecfd545d5ba398151da04be6c76d137f8223ff4607d0a6ade691e3094f06b1ec,Duets/Mili - Milk (04 09 24).mp3
12e5b85330b3d73084a269c6c6f83be266666eb7943617fc05cc810da593685d,Duets/Mili - Through Patches of Violet (01 05 24).mp3
5a91a2eed4dd09917d394d92e89dd6a6535640e88f646a29377352fa20f00b79,Duets/NSYNC - Bye Bye Bye (09 07 25).mp3
b22c7ceb19022441808d737158247e2dbf67020c18c5f85e683935fe85361f03,"Duets/Nem - Ah, It's a wonderful cat life (14 05 25).mp3"
825541de3552b15776aeeef7a3dae53096e3b954f67bfbf55c46e7b6252f621c,Duets/Neru - The Disease Called Love (01 05 24).mp3
e94fd6ffcde2b2a8bf4980829734b2fc5b3d96a98b07423411753d0a24272c8e,Duets/Neru - Whatever whatever whatever (09 07 25).mp3
19649ec996068a076ce67004944ee5154ac6eef0c30291f497566da08a2986e9,Duets/OSTER project - trick and treat (30 10 24).mp3
c13bfd77e23f628da5ee884fe31dd69b7d3e05bcd8da504d9165632ec94575f1,Duets/On-Lyne - PARTY OF YOUR LIFETIME (30 04 25).mp3
e813d9f1374547c7980723397625a3c1138dbd7cc1ccd63cbfb211287a3b21f4,Duets/Pinocchio-P - Isn't it A (15 05 24).mp3
9a6ca0adeea731938be0a45f41a34edceef6bc05730bbacf66d2ec0cd0b0019f,Duets/Pinocchio-P - Nee Nee Nee (17 04 24).mp3
0a0654b63f78ec47e70acad11570bac854f920ad02f2e1fe964123c00faf15bb,Duets/Remote Control - Wonderful Opportunity (11 10 23).mp3
5c52eceba7dfd0e6b02e552e195bbad3b38b6bb112d03c1469f8f449b0f249d6,Duets/Rerulili - At God's Mercy (11 06 25).mp3
3faa9cffb25b9ae86096796d373a2a189206255234b84a06b8f3a3556046673a,Duets/STARSET - Waiting on the Sky to Change (21 08 24).mp3
8bc1075403a0eb417304b94e2df4850f43b31041eeef3d6162137de513622b3a,Duets/Sabaton - Christmas Truce (25 12 24).mp3
6ae3aec1bdc4641c83ebad13fe94c83a2ec0f4b4875371f2cf3a51b8cffc63bc,Duets/Safe And Sound - Capital Cities (20 03 24).mp3
483302d536434e1049afca867783061da760422ac83102584bcf36516b1663c2,Duets/Sarah Reeves - Winter Wonderland (25 12 24).mp3
fc4c6976e09bed07c5fcf8db8d457113050496369ac4ad01eb825e11118a3efe,Duets/Satsuki - Mesmerizer (15 05 24).mp3
94be7bc9b8a8e304e2f52e62cc7bb4f371414c2be2d1d4b6963a1e03405e9bd6,Duets/Set It Off - Partners in Crime (23 07 25).mp3
078666c00dc6ebf7671d55c4bda7e6caa0732e415d39109008bf6413de356478,Duets/Shakin' Stevens - Merry Christmas Everyone (25 12 24).mp3
9c912358272c23ff80c0ba543e36b894e41de8a8a834790fa8897f79e239fb78,Duets/Shoko Nakagawa - Sorairo Days (06 10 24).mp3
44387b304ab36a538e4a40c8b650399ec3dd951afb6cdb15c63c37ae3c911e3f,Duets/Simon & Garfunkel - The Sound of Silence (28 05 25).mp3
3cca3d97fe7ca7470edcd7f8ea36c7ae00f9e23b6ce618fe907fc6247f96ea2d,Duets/Slade - Merry Xmas Everybody (25 12 24).mp3
a142350a8edbf275df46fdfa3267c0a2860ad5edd157f0b7ca1fc5367c48b6f4,Duets/Somebody That I Used To Know - Gotye (08 11 23).mp3
d94f65694c87df7b7bbc73790421dd565d6fec09bf4341ef2694a33bacdd1bf2,Duets/THE DU - CRAZY NOISY BIZARRE TOWN (05 03 25).mp3
20568009534c111b0bc9641d074fd51659991a6a93c23426410f77fccbeaadab,Duets/TWRP - A Human's Touch (16 04 25).mp3
4eea4cbd389f338007155725791b61f5ba244379683461bd0ef0a84d5bf89edb,Duets/Tally Hall - Ruler of Everything (02 04 25).mp3
f71cdc0fbdc748a4b3e60439da336cf1ae61791f86112959a8dd6ce6bc0f71ce,Duets/The Buggles - Video Killed The Radio Star (04 09 24).mp3
174bbf91f28b307be72cb8be040d136ae6250923210a604eb0f7eeb948079f52,Duets/The Cranberries - Dreams (14 05 25).mp3
db3d7531f187b57367fe28a42222da0a3343d743025150f697673adca5062c98,Duets/The Pogues - Fairytale of New York (25 12 24).mp3
119188c6d85cb1304054688c53b743a5b0a1b05f027d4362a599e32141cddae3,Duets/The Polar Express - When Christmas Comes To Town (25 12 24).mp3
088b196c08cc55e5ac1263483b1d2479ac5af4f2d529f59efdd35661f791b2eb,Duets/The Proclaimers - I'm Gonna Be (500 Miles) (19 03 25).mp3
2443fb1e0c72118f916e8d8e229e4da7af91cc9cefb419a904e76385eaa6eb8d,Duets/The Ronettes - Sleigh Ride (25 12 24).mp3
ba435ae5a0fdd8e6b9db70efff32a633b417e5c16c0e42abdca0837ae148b41d,Duets/Tomoya Ohtani - Find Your Flame (16 10 24).mp3
316365ee85e6d70d3cc9405bdfd54c4b6ba767a3ca83f0ecb6b70eccdcc1941b,Duets/Utsu-P - God Gacha (28 02 24).mp3
931e5de40f6de4e9e7a5b5ac0fffbd87dfbe873035aa57270aae89a671647fe1,Duets/Utsu-p + Yuyoyuppe - Vivid (05 03 25).mp3
93b56cde8eb5ac7086f8abcfb71e381dbcca5c1f235f2377f7a84e12d067d0e4,Duets/VocaCircus - How To Pretend (30 10 24).mp3
7e964a2b54627f06e507b9ec5b6dcd6624817a6406f0ce0c4a70ac21441ce511,Duets/Wallows - Are You Bored Yet (06 08 25).mp3
54544c9d7a873dde9966dcdb66b450637f866e8f26c1ffd6ea077dacccd4edda,Duets/Within Temptation - Dangerous (26 06 24).mp3
00ecb8ed7526f0a0e55214fc755c6a4a7006ea98e6f747632e437861a38be5e5,Duets/Within Temptation - Paradise (What About Us) (16 10 24).mp3
e15d86f577c55623544ec70f41d60621a50d7cfeeec216d3ed0f623f5968ea84,Duets/Xiao Pan Pan & Xiao Feng Feng - Xue Miao Jiao (07 08 24).mp3
0f0528afed05d615487967256dc02f66ffcc612c2939a828bc05ef4d53670186,Duets/Yes - Roundabout (10 07 24).mp3
482cc3d842c449b4da07f88c2c9ffee75222f9d767758c0fa4ed5e82c0607d37,Duets/Yuuyu - Tengaku (26 06 24).mp3
e272f9475fb05877f071bfa860960e909e475f61200c7f286c0a3722f9583493,Duets/Yuyoyup - Palette (18 09 24).mp3
c90893423cf7ea0d4848b70ee735e722a06350d0d493d6eef61cab85d989417e,Duets/bohemian rhapsody - queen (13 09 23).mp3
2c16a7c20d3d025a0ab1483825dba0846e96486458c432952a036025921c1f10,Duets/bring it on - giga-p (02 08 23).mp3
f6506a33a1dd15db1d91d2f4bc3b47db75baea05fd272c4ddbc1dedae9f956ce,Duets/bring me to life - evanescence (05 07 23).mp3
006d4931f7312a1f889f95cdf57c3a82673e4f9be100b113d062a2a0250482f8,Duets/dota - basshunter (30 08 23).mp3
6ae9675125fac4de9684806cda22525b65378ba07ca38cff2793986b3877230a,Duets/drop pop candy - giga-p (27 09 23).mp3
6e8b9ad4f748c321433feaee03b40e1c2c865d8981a9dea0c5155fdb0d5f5652,Duets/emon(Tes.) - More One Night (16 04 25).mp3
00e82b02905719eaaa12218d042b890d09b4b387f96fa6bb79710faa1c821abb,Duets/get lucky - daft punk (27 09 23).mp3
62ecca0bad30ecb5761c3ecb8edfb53cafed8be0f4d9c826c2a87642c7b56f12,Duets/identity - kanaria (30 08 23).mp3
464a759c4ee9e5ee29a66646f82a1469ff671a311e597c3eff94b5cf3d4585eb,Duets/ilem - Ordinary Disco (bilibili concert).mp3
5e2b0701ed6d4fbf8c75cd794b0c7a3160882b60e855d6e52ea485a39878c471,Duets/in hell we live lament - mili (30 08 23).mp3
0329f7e2bc6586be5e7f9ddf1dabf3bc50374928605a101781d67b1de1f6b1da,Duets/in the end - linkin park (16 08 23).mp3
19bd3b03bbe0f5d4acff940f97f8edf1d5c763bf6599636aa76137187316179f,Duets/inabakumori - Hello Marina (04 09 24).mp3
f38f13de28f55579bdb8527f96eef023f27b45a7b1ad4d817a05c729c47731c0,Duets/jschlatt - Santa Claus Is Coming To Town (25 12 24).mp3
bf055d4b9b07dbe5ca2e3de858ada415004f50ab5f5bd085ba4b0539cbcea175,Duets/matryoshka - hachi (02 08 23).mp3
078256a61a80936963ce12efec4617f8e71689573e322c00afd6bfea5f29068d,Duets/nee nee nee - pinocchio-p (16 08 23).mp3
3f9b88be4a150c28317587e32723730fcfbc059f9a4c291eead0c1f47ecaddd3,Duets/partners in crime - set it off (19 07 23).mp3
078b590ff7641b7dd604f72d5e106e444fe9d793083e1e4e64918cc923df1045,Duets/phantom of the opera (02 08 23).mp3
ac16217fa6e5cf5f3c44d7f9665b296aef3f5d4a97b62e266ef8dfef7a100cec,Duets/roki - mikito-p (13 09 23).mp3
cd988d0f117b8791083c52e1b295c22e271c79536619059a82d92c14d98e10e8,Duets/u's - Snow Halation (25 12 24).mp3
658fcc781605b7da09612a5b71ef1bd7a2944ded947807b64e9b2292925ff93b,Duets/waiting on the sky to change - starset (19 07 23).mp3
4576539b2266f1a159147bf08d67f392091557d6818ccd240a7eda3676b2cdf3,Duets/worlds end dancehall - wowaka (19 07 23).mp3
b6023573352d2211f945e58006b62bf252cec8699c69843295527bf0bb05cc73,Duets/wowaka - And I'm Home (11 06 25).mp3
350bbdc7a2641cc291e4567869e46051321fd66bb5dc3f6fe59f4416c9a8db61,Evil/4 Non Blondes - What's Up (evil) (05 03 25).mp3
d887cd79d7f0e60d710b59f4a671b9d60469e57ba773cdc324f95c25253771f4,Evil/4BLOOD - Kira (11 10 23) (evil).mp3
cdca7e2a9539369de2bec2deaf245eae62fe9cb71c7d66394b78738524d5fe0d,Evil/AHUB - Quixote (evil) (26 06 24).mp3
8f0b0a45dbed413e730538ea9f5ae50ccb8836f1b920c098600635d3a10f6690,Evil/AViVA - GRRRLS (evil) (21 08 24).mp3
102f9664b0fd5fa64ee9e33a20548945adf3cb73e3228b17e80a3af6ab7a00e7,Evil/Adele - Hello (evil) (18 09 24).mp3
7968dc4db84f7768c46a1b70280a4b86ca8082aa2b57861ed17a737a770756b6,Evil/Adele - Set Fire To The Rain (evil) (29 05 24).mp3
304ee56261bdb2bacffa499c24bfaf15ad47bac2234be45b0456e69c3e3e26c9,Evil/Adele - Skyfall (evil) (28 02 24).mp3
37e8736e20a95c9f51ffbf44d45ef1d109f957307888ea1079c6faaf77392348,Evil/Ado - RuLe (evil) (16 10 24).mp3
9916a0b69fde0173ba2af7401c2f2ceb163a133691368f44487638776db73fdc,Evil/Aerosmith - Dream On (evil) (02 04 25).mp3
80bc05899ab781d173caec094c8527825138b5dcec2c3f860528b3040ad630a1,Evil/Again (evil) (22 11 23).mp3
897f92356a990e1332fd72eb0581acb7434cf59014d394d8d49e3eca7d8f28fc,Evil/Akatsuki Records - HELLOHELL (evil) (28 02 24).mp3
339bc825925ace3f07d89ca7680ba5b200835ce787b502e8a93c439ad3a561be,Evil/Alan Walker - Faded (evil) (24 07 24).mp3
ee6d1fd21ac95dc4c482bbd6eaf47108582cada0b4e5ff1e47c6298d18792711,Evil/Alien Ant Farm - Smooth Criminal (evil) (29 05 24).mp3
20eccca80e44aaaa320448b481749ff7fec2d35962bdcf7978815242449928ba,Evil/Anavae - Human (evil) (24 07 24).mp3
b20afaf4d6645ce19839009c6aef6a292379759953930cba9b5694789599bf20,Evil/Apocalyptia - Broken Pieces (evil) (30 04 25).mp3
3dbaf1049972a5256df70bf8a639a691ac46c4bd568af5846514ba881450c4b0,Evil/Architects - Animals (evil) (25 06 25).mp3
0e1f0353cb8ccfaf046623d89e8fbe36110fb9cb50da2cd59fa1b64c0dbe21d8,Evil/Arctic Monkeys - Do I Wanna Know (evil) (23 07 25).mp3
7b821813ca8cc05fee51762d733219a2cd7c691195dbf240389f5b22c1eb1189,Evil/AuRa - Panic Room (evil) (02 04 25).mp3
cff6603069c7f2f015500441e6106c57859b1fe53faedde75954cd6709e84e4a,Evil/Audioslave - Like a Stone (evil) (28 05 25).mp3
6bfbb75869743e9ff65d73d712b888dba8ef4f4abf4fbc1f5909af51180e3fe1,Evil/Aurelio Voltaire - When You're Evil (evil) (02 04 25).mp3
90f2e753e0ea6394e9b15b6b12e928a975fe88e2a11644e709f9f2e0d2e8a86f,Evil/Avenged Sevenfold - (O)rdinary (evil) (28 05 25).mp3
b4c0bf806af8c6885ebc4e85338ddb5bfd2dc7fb925c982fb11ca8ab3f678915,Evil/Avril Lavigne - Complicated (evil) (21 08 24).mp3
d17089a73f738770e0f3cbaea0f77e27937ffa469ce59fc347aafa73e3dc6351,Evil/Avril Lavigne - Sk8er Boi (evil) (02 04 25).mp3
5e61b42f180c993adb2b4cbc4611fcd888b69852d769ee0011c47c765abcac12,Evil/Azari - Shadow Shadow (evil) (05 03 25).mp3
4c5c710361d017e91e8c912ff9e36bbcaabb6a9772f5466e6efc85ef63829e08,Evil/Azari - Whisper Whisper Whisper (evil) (24 07 24).mp3
a08d95542f6730269e38c44b1f2cc1c56d416048fc50af4ffed013d9abaf6142,Evil/Azari - Wink (evil) (01 05 24).mp3
2fd8593196559971604c458e3a555a98834414623151870b19a99bc24ee11574,Evil/BAD OMENS - Just Pretend (evil) (24 07 24).mp3
c7655d8d7010f0863aa3f092923302a673d47cc6fa83336b0d8a0191801af2cc,Evil/Bad Romance (evil) (22 11 23).mp3
3cd27d1d4f04790635c1c463ed150265008b2bda22c88f28e2f5fe60b105ff36,Evil/Barns Courtney - Sinners (evil) (13 11 24).mp3
6001b280a6ad6452428fa72ff34f8afa658429ee3875f63c3785592b62360528,Evil/Bea Miller - Playground (evil) (29 05 24).mp3
05f94b58a41df27263f0802452e27709df7ed4392406153109c371005adb4dab,Evil/Bee Gees - Stayin' Alive (evil) (02 04 25).mp3
7a1413d148e57f7d7b45718e3862e5efcb2903d8fb594b3b4a891dbc7a372d86,Evil/Black Sabbath - Paranoid (evil) (28 02 24).mp3
3db67788c6972970c7a33b3f77c7f62e739384f8ef4cf1a0d33fee21e7c10a7e,Evil/Boa - Twilight (evil) (01 05 24).mp3
2ecd766cac708632d2ce9136596c456b33143b198edff8a76e9a961940d551af,Evil/Bohnes - Middle Finger (evil) (29 05 24).mp3
02734135895374a4b82b41b2965a082bbe027ef94e8a32735e73e089dde4a249,Evil/Bon Jovi Livin' On A Prayer (evil) (30 04 25).mp3
7b77607d331c24c8bda33a8921f7a7605f4964a8b2b5cedead0b53a29c6eb8df,Evil/Brick By Boring Brick - Paramore (11 10 23) (evil).mp3
ce69403739c48a6be13fc6e1eb296b621dbe7a96906f7c3dc0a15227293e5e55,Evil/Bring Me The Horizon - Throne (evil) (01 05 24).mp3
83be32570d0b7bda1afb6e649943d9bd5733d3aeaf57f2232d01294d03a868fc,Evil/Bring Me the Horizon - Avalanche (evil) (05 04 24).mp3
6d45998eb29e60d696516b9ffe0967490bd732997d4f19026d7209882613a6e9,Evil/Bury The Light - Casey Edwards (11 10 23) (evil).mp3
27757a31104ebf566805c5480dc42b9f874b0c3b4a48a50c51dcd311ecbb759d,Evil/Bôa - Duvet (evil) (29 05 24).mp3
228b991ba4d0ac17aca0d5ecf9ca0894e12cd3d853a8a25a813c20270236b11b,Evil/CH4NGE (evil) (22 11 23).mp3
2efb3626d690884e619c11eee7782ce69328bc0e735fb6fac797af6b4cac0192,Evil/Casey Edwards - Devil Trigger (evil) (28 02 24).mp3
8f578aba2ba7408d34a16008f1077253d3b3d38185f04aed626bc82e3c67dd81,Evil/Celine Dion - My Heart Will Go On (evil) (18 09 24).mp3
294587946e897bf16a419aa0749c4dad30894c6b95b2135041117303e9e5f5d3,Evil/Centuries (evil) (22 11 23).mp3
1ace21f0648bfeeafa35c744bc2e7749d56374da2687faa2e7246d48b07fb4f9,Evil/Choke - IDKHOW (11 10 23) (evil).mp3
23fa2132e4745456954eb90a16a6d295832176052babdc824358d3f7ec20b73d,Evil/Chop Suey - System Of A Down (11 10 23) (evil).mp3
3132047f4973853197934c9abb00e1ee5d54f73794e78c89d243f45696f3baa4,Evil/Chris Cornell - You Know My Name (evil) (26 06 24).mp3
652870932a655a71aa8ea2e1ab3315938087eff851a0054edc8aaa2f772caacb,Evil/Christell - Dubidubidu (evil) (13 11 24).mp3
00279e106bebb72a59fc19650e63dc7c2986613dddb2f839afa58eef2c65a270,Evil/Christina Perri - Jar of Hearts (evil) (21 08 24).mp3
3e39c5e725cac159dca6c05d6fc5295cc36874e4e609ad85180e7b31eca37067,Evil/Clean Bandit - Symphony (evil) (18 09 24).mp3
2786a80af9438de1b96fbb2a56d6fba53ebf1fb554f8179840368f370cc3de08,Evil/Coda - BLOODY STREAM (evil) (16 10 24).mp3
89d4f22215a00f5893174ac24757444a7f7927e30e22ba3f1e4a5c490945f6c6,Evil/Coldplay - Viva La Vida (evil) (01 05 24).mp3
33a985777aa4b9172b369da9a7076f952540b5cacc31b74c630135fefb3ff2af,Evil/Courtesy Call - Thousand Foot Krutch (11 10 23) (evil).mp3
adbf64f8caebbc8c5e213c56aa9f8193260e7d15390798df43bfee40d58dd6d6,Evil/Creep - Radiohead (11 10 23) (evil).mp3
5046d0d991e58fffde9202136b27dbfe88ccac598f0d0dbc9ae0d666d80f01b5,Evil/Creepy Nuts - Bling Bang Bang Born (evil) (05 04 24).mp3
ee9c6557c61c5d0a383185a068788ec0841e6b4ca7479f8a5e4fc2ea0afba43f,Evil/Crush 40 - I Am... All of Me (evil) (21 08 24).mp3
90ef6a8d55da141da77fc43b155f3500c00ec39ad6d853064f62fe83e1a5c510,Evil/Crusher - Propaganda! (evil) (28 02 24).mp3
8ee47df1e32a6d424c86a598bf6d03b8ebf9366d562f61651847d0736fb2071b,Evil/Crusher Echo (evil) (05 04 24).mp3
ccb0037f8179845a8b1a76278b2676f779737148bd86602f485bfa08ed968d0f,Evil/Cö shu Nie - Asphyxia (evil) (05 04 24).mp3
bf4d354db096230f6d4c2f2edf18c3105c4d5d06cf67614ace35e678e30df15e,Evil/DECO27 - Android Girl (evil) (01 05 24).mp3
1934d7cd486c63cb2abc2c9d4491a1708ff9e85210bb81db226cabc4c88d99fd,Evil/DECO27 - Ghost Rule (evil) (13 11 24).mp3
ebd91db8ba9fb2d7e74a71465998631e7b126581967f47d4229f9c551d5d3a22,Evil/DECO27 - HIBANA (evil) (29 05 24).mp3
7164a4c9c43bcaaccc2ef6d973bfbebb9862f94a6a0298430ced5c25301caf33,Evil/DIVELA - Vocalo-Colosseum (evil) (28 02 24).mp3
9ba2c3431922a3fa6bffd4bd7c09f18f84362175dae90199149020c0ce02eb0f,Evil/DJ KARL THE DOG - I'm Just A Memer (evil) (18 09 24).mp3
5a3ae4061ce138aa57aae226449642a4b54f38f2fc26f1d683091722333a5257,Evil/Dadadadadadadadadada (evil) (22 11 23).mp3
719e08359e78d304aff7caaee587b36e0541cbaf506daa2169bd511aa6babe6e,Evil/Daisuke Ishiwatari - Love The Subhuman Self (evil) (05 04 24).mp3
51a63a3459fa766139bc4b7b1bf543487d265321524097fe5e3b8bdd2058d89c,Evil/Darude - Sandstorm (evil) (29 05 24).mp3
7235b075c17324e3998db60bb1ff9fbe7cb93824b89df61c1c6a7bc99e122989,Evil/David Guetta - Titanium (evil) (24 07 24).mp3
c28ca8e89294cf48cf9ffe6945ee682bb833d529bbe9df6d2ca6a3dfe3b8d574,Evil/Disturbed - Indestructible (evil) (05 04 24).mp3
8c6a232b60d282999f7295d2c51f7ffcb38407e88d2227da29dcf1801eba1b9f,Evil/Donna Burke - Sins of The Father (evil) (13 11 24).mp3
d28236e4f6d19d80dd479016c15fe94234ff09144caf24341dca608d3a780245,Evil/Duran Duran - INVISIBLE (evil) (30 04 25).mp3
cae015c64133db59f29e8db7f6be4acccef0f3326d2c23684de4546372d4ad13,Evil/Elfen Lied - Lilium (evil) (21 08 24).mp3
9ab7ef4528391368d17741fcedc0274570682b31a7bcf9b87154cf89fafdf2d0,Evil/Ellie Minibot - Bugs (evil) (16 10 24).mp3
69e342e64d0cf63f12aa6ab191a73d48012b94c61cd1d701a9ea674ce3172b98,Evil/Ellie Minibot - Don't Look Down (evil) (05 03 25).mp3
cbd9ad33cab027b9f8494a92b56a749816eba3d359f83d930c4d693d3fbb2023,Evil/Evanescence - Afterlife (evil) (30 04 25).mp3
e07a10f561275e73f5f2cd2a46ca24e433898f6081f5a5bb13f14ba622b01998,Evil/Evanescence - Lithium (evil) (05 03 25).mp3
a2b70c1bb2f33531d2067ccf033fba2345cc549ce4ec8bfe4f2f3f06bb1bf4ea,Evil/Evanescence - My Immortal (evil) (26 06 24).mp3
ec939a23b4e2fc30f335cae700f6c98be663dd74b7b995a87cb9aa33c2557ee0,Evil/Eve - Dramaturgy (evil) (28 05 25).mp3
cea8a5a347ef9c54e5efa2c4f8f6ef70620b8a0f3a97e3f68f0654fbd9db0c31,Evil/Eve - LEO (evil) (13 11 24).mp3
cc34cf867b4e52d8afc408e5112becf4b1eab26dfe5f4a3a80992ed53b7de7b5,Evil/Eye - Domestic Drastic (evil) (26 06 24).mp3
053b672f4c902faa16d944e0bb9d3ec9df10592e9c65857c3d8dbc6de04702ec,Evil/FEX - Subways Of Your Mind (evil) (23 07 25).mp3
1a08ae41d9a885d498b24a66c2221ec70dcb3da496a1e9520ce14aea93514472,Evil/FLAVOR FOLEY - Weiward Romance (evil) (05 03 25).mp3
22aca70e60e3a646d91af8119c9da1a97bc2002b5a89269423cea60fcd8c9ea8,Evil/Fall Out Boy - Immortals (evil) (13 11 24).mp3
97aa9fee83e673b1d6533710e7b68c3a436f20504edc2010faae30bc0694be48,Evil/Fall Out Boy - The Phoenix (evil) (21 08 24).mp3
6b6f0465962b71843778d2f7f457b0306e63a4929e8178df04e5c9fafb8f28ca,Evil/Five Nights At Freddy's - The Living Tombstone (11 10 23) (evil).mp3
a9f4370c11e095cd7a4a7ff3b17d7d455b94db52c3c56c04f38eb9571653b287,Evil/Foo Fighters - Best of You (evil) (13 11 24).mp3
fa06f875760c248084772cb02b40bb5fb8f672bd9c70a373fc0e94df889fbabc,Evil/Foster The People - Pumped Up Kicks (evil) (28 02 24).mp3
07e452a7e6c3d398abe749957b2f044c4024bfbe785a88751186c742f7454008,Evil/Franz Ferdinand - Take Me Out (evil) (28 02 24).mp3
bdab5961ccddd0e120a8bb662878f9f9efecf5823e40b49277e148ed4ecf8dbd,Evil/Franz Ferdinand - This Fffire (evil) (13 11 24).mp3
ebff0af130a3414f82e606f49e4fdfe1a81923a730ac15fa20db482df5cc078c,Evil/Free Dominquez - A Stranger I Remain (evil) (05 03 25).mp3
794e53f111e4e6ae8474b31fc974733134fa5b85c9ec7d70e8ae2e2383114624,Evil/GLORYHAMMER - Universe On Fire (evil) (23 07 25).mp3
5d026f3b3e0278e8b2b288e6795dec57ace5f960d6d3bd16fb908638d1933ffd,Evil/Gawr Gura - Ash Again (evil) (30 04 25).mp3
ccba9f555c4a35bbebd22d1d812023970fe9eefda5304c2e6983b272512dad9b,Evil/Get Scared - Don't You Dare Forget the Sun (evil) (29 05 24).mp3
cdb514c9b8ff22175a26a36e7afbf5024f9106bf36dcaafe04c696ba77020d12,Evil/Get Scared - Keep Myself Alive (evil) (01 05 24).mp3
991efd3a5f83440e62198e7c3517f5ce5622c9159ca7512603b2388fc55280ae,Evil/Gloria Gaynor - I Will Survive (evil) (28 05 25).mp3
9ec7a088ff1d4b47074a881f2e590199e8b9aa9a5c983e10725c69b735f538cc,Evil/Godsmack - I Stand Alone (evil) (18 09 24).mp3
8fd17ef6d0b4ffbd4ad1c57b1652ec8a6c5c90075feddfeb7cd16d587fd95ab6,Evil/Going Under (evil) (22 11 23).mp3
ece279448d4f78f08e176064e4db76a6dfd22e67fa45c31545be281cd34e75c9,Evil/Goo Goo Dolls - Iris (evil) (30 04 25).mp3
ff804fadb7d86c8e5a559052dfe773e6e3db29d52dc00c8589297ded2eee8d53,Evil/Grabbitz - Die For You (evil) (26 06 24).mp3
9ed160d079eb6b981956da3dc8f2c6963468de894be3c7fa590a7fa357441257,Evil/Green Day - Boulevard of Broken Dreams (evil) (29 05 24).mp3
237fbf006cba48abb5a94ffe3398befb4b24d66bdd99ab233b8b9cec52dbf090,Evil/Green Day - Wake Me Up When September Ends (evil) (18 09 24).mp3
4e609784b88cea40d7df3fb6b3557b68dea1102ad9175723999a81a4fe88683a,Evil/Guchiry - Abnormality Dancin' Girl (evil) (28 02 24).mp3
2b426c301de3c7ab4e59aa7de6c99ba1e95a560bfc05964829daed60a70a868b,Evil/HANIPAGANDA - Atatsuki Records (11 10 23) (evil).mp3
200da0c7bcf5777f1ea0bfc7d3779880e409b0e2a1505ff7d76ebda78fc9fc34,Evil/HOYO-MiX - Wildfire (evil) (02 04 25).mp3
2770367df7ca50613fe12b23b8b120508cc7681e2b6153e2dedf4eb44a0cefae,Evil/Hachi - Dune (evil) (01 05 24).mp3
a600e3520a23f8164c36f2a6fe6e8fd9194edc2b1407a23b90724e051c739f1c,Evil/Hakos Baelz - PSYCHO (evil) (13 11 24).mp3
33a198425c3308e76f0713461472570a9a1d5c51537819bd7b0e7368d434f8da,Evil/Halsey - Control (evil) (28 05 25).mp3
1fca549629051999bf7edd55945d7307ce0b195e61f3c4a4a02561ef8903c1e7,Evil/Halsey - Gasoline (evil) (29 05 24).mp3
2821718c33bad7e36d7aa04613410f4146e67a4976ec7a38ee016acb5336db67,Evil/Hey Jude (evil) (22 11 23).mp3
8ba50625dc299b5ce6d3fdb0937021fca41aaf0b8a3cd43358d6bc4801b2790e,Evil/Hiiragi Magnetite - Tetoris (evil) (02 04 25).mp3
331531d8998dbc30e2c53bfa404800dd40ca9320b1bf7e6a9eeea3ce2c8a3743,Evil/Hollywood Undead - Kill Everyone (evil) (23 07 25).mp3
192903b29560ea26420160bb78a821ef93f403d8685224bc3bba75dd64cc1c2d,Evil/Hoshimachi Suisei - BIBBIDIBA (evil) (25 06 25).mp3
2571f9548831db5f074fd93c31fb86ebd3c05382ad9361d4ce0f2311b89a7e08,Evil/Hoshimachi Suisei - Stellar Stellar (evil) (18 09 24).mp3
2bfd1d897009a6bc0372c7e349776adafd66c7e00c11faed0fb6c51689c498b7,Evil/I Can't Fix You (evil) (22 11 23).mp3
bc85729f7be40c0244d14060095937750821a650e38af8200e1c54dbbd0ace4d,Evil/I am machine - three days grace (30 08 23) (evil).mp3
237e280201fcf61ed9316763808ecce96524f506f89301283504560a80c69ef8,Evil/I'm Glad You're Evil Too - Pinocchio-P (11 10 23) (evil).mp3
e06714cfdb9e84abc58b90665dd2bb74b9ca319a8c9d0ec85d8d2e10ccb76076,Evil/IDKHOW - Leave Me Alone (evil) (02 04 25).mp3
fec622eae935424f5d3cf5cee09df6a398b81cf32e3656ee81732a83fd488391,Evil/Icarus - STARSET (11 10 23) (evil).mp3
e156ab30b366cf2571545779af31037c16a4d67452a0c641ec908b1aa915a027,Evil/Icon For Hire - Off With Her Head (evil) (29 05 24).mp3
790dfb31a102de5c113ee54d8d8673fc400bd0cbfdd0bfaf13ecc19804af51d8,Evil/Ikenai Borderline (evil) (22 11 23).mp3
27e3038c78b236ba52a0edd4a0f7a81016cf84d2d667a393b2f0ad55fcd44911,Evil/Imagine Dragons - Warriors (evil) (16 10 24).mp3
bfe9f40499f4721186988b0bf3dcbfe39f7323db54b318878891dbdddcbfb940,Evil/It's my life (evil) (22 11 23).mp3
64e4fcdbe95c1a7b6bfe8538b337fcbf2f327ef984634107a1f1824add4a9694,Evil/Iyowa - Heat abnormal (evil) (30 04 25).mp3
e38d03bb5812687aaeebbc24b91c6188d3500ea1004130a61f18eb41cda43bed,Evil/JINGO JUNGLE - MYTH & ROID (11 10 23) (evil).mp3
eb309d2e1584a8d036f8aaa47c675503c5e41f9f6c05e3a7793df68025451f69,Evil/Jamie Christopherson - It Has To Be This Way (evil) (26 06 24).mp3
f8640f104947d5a745f573528ba16402ed8365d7e6bdac7455968ab9189c5b2a,Evil/Jamie Christopherson - Red Sun (evil) (25 06 25).mp3
189bb4f0170cea276fd62d5b51b942a26529829c04ec9eea2f702b9d3bd6091d,Evil/Jamie Cristopherson - The Only Thing I Know For Real (evil) (18 09 24).mp3
cf8244eb1b8a901205d2c9b2d0e166d2f237f8ce793aa98691bc36a29cda8f62,Evil/Jamie Paige - BIRDBRAIN (evil) (23 07 25).mp3
9dc17ee93a61b3e5b72c58856c73575cd0bb27391295ca13dfaf643ddfdea717,Evil/Jin - Outer Science (evil) (24 07 24).mp3
807ca07bf1f1ef558eeaf57bb88dd5c85a204d9f994057668c9f3b2994e1b7cd,"Evil/John Denver - Take Me Home, Country Roads (evil) (28 05 25).mp3"
f548acfad2b3b945e46b419ce4d31d5a3cd515db7b1663a5ec580c67d351ae02,Evil/Johnny Cash - Hurt (evil) (30 04 25).mp3
ada7706c8305569ccfff270718647d99bad7d10c2fa7309262bda582e60da3ac,Evil/KANA-BOON - Fighter (evil) (02 04 25).mp3
a0fa1a797df7a37c9cad885a12b79b141e7aa12644dfacd541c83a981f40f7e1,Evil/KANA-BOON - Silhouette (evil) (16 10 24).mp3
d8389f15998fdbcdb3a49e25c3170e79d17a52d8a51f7d4c6b3d238987aea783,Evil/KIRA - INTERGALACTIA (evil) (16 10 24).mp3
67cd65e0f291d04221fac818acd991cb54313ea251431cac7ef292ddf5a14093,Evil/KIRA - Monster (evil) (23 07 25).mp3
3fd137af8197fab51393af840ad6cf83df7d89661812e8c6d622074e010784ed,Evil/KLOUD - VIRUS (evil) (16 10 24).mp3
98989e5a759b918a7325d86a83fe4716ea901a1f65e56ece8bc13a6dff16a3ec,Evil/Kairiki Bear - Bug (evil) (05 03 25).mp3
1f66b68d027a3b0dcd8582327fabb8fb6ae10eb4f2093c70e1acad1e410b7338,Evil/Kairiki Bear - Venom (evil) (01 05 24).mp3
317c88c59d3630e1c39792b549bfecf8a9aa9e9a7e4003e24dd95be7814de9ea,Evil/Kanaria - KING (evil) (21 08 24).mp3
7a93a1105a25c333e999bd880eeaaa169d7bb4266b8806dbf86153b4d8d4bb3d,Evil/Kanimiso-P - Bacterial Contamination (evil) (29 05 24).mp3
73b8a1b910edb7e20a4ce929dc5cb3bdbfb1d29a606873ccb4b620158887ce61,Evil/Kanzaki Iori - Hated by life itself (evil) (28 02 24).mp3
b32a5b1525b93378de85fd1d71ea118a9dc1b8103c734932b8116b9b05dece41,Evil/Keiichi Okabe - Weight of the World (evil) (24 07 24).mp3
3988d06507f98948776d0f01d60133d6eb97be714bd99144bdaee3f003d26ad1,Evil/Kelli Schaefer - Fires of War (evil) (28 05 25).mp3
57221a93caf77e901f387290b65d66bb1a624760599cdf6bb3eb9b5569e5b4cc,Evil/Kelly Clarkson - Since U Been Gone (evil) (28 05 25).mp3
66b1b0e6e80691d8b5befc42f712a4e17e6f4deed40557748c1ba307f2cfb5c9,Evil/Kenshi Yonezu - KICK BACK (evil) (29 05 24).mp3
cb3102aafcfc5ac4a15015a392af6bed318c489d00c10d383eb3425889cfed11,"Evil/Kikuo - Missing, Missing (evil) (30 04 25).mp3"
629a39cbafdb0ad5c15abdd5d032084b3685387753f8dd34542080ca4d972ef3,Evil/King Gizzard & The Lizard Wizard - Robot Stop (evil) (25 06 25).mp3
598d3e9c934a0bbef9575dbf39f533682cd2c7aed0107472557be91ab7f77f2c,Evil/Kira - Machine Gun (evil) (13 11 24).mp3
0c8cd716f7d912b0e1e49a309edfc1e62e477ddd5158bbcf55c49030e25e0e12,Evil/Kira - i DO what i WANT (evil) (01 05 24).mp3
f83d336cdf085857f11fcf166713c04857feaec2577f18ce915eb82ead133d0f,Evil/Lady Gaga - Americano (evil) (25 06 25).mp3
0e5600832c763922fcfaf7c1ceeed33f48f2c90ba29e40069557e5b473c77b9f,Evil/Let You Down (05 11 23) (evil).mp3
0f30fd659ba5e3136e6db9726e8f6b0b1eed6d67f0e55ba8e2950cd21800a8c5,Evil/Linkin Park - Breaking The Habit (evil) (18 09 24).mp3
97bd66b6f3c7843d936148e988accadedf1641a35664895ff4257992e7612a0b,Evil/Linkin Park - Castle of Glass (evil) (16 10 24).mp3
d3edf53e23a6635aabbab519a6353a44c41acfefd29c5a54a37f40a1215f51cb,Evil/Linkin Park - Leave Out All The Rest (evil) (23 07 25).mp3
5d7194a75814de5fb563648116c3e0c1c4f5f2c2e8fb85fd9c21edd2fdf50ac1,Evil/Linkin Park - Numb (evil) (26 06 24).mp3
a82635f3489cf42688ca95bc461fd9f886f38228b3ffd735acae926416fa9b0f,Evil/Linkin Park- What I've Done (evil) (05 04 24).mp3
5d14dc54c114f0cafd64a5fdcc457a27cc0574816f181b62d045a6d728d2f2a0,Evil/Little Dark Age - MGMT (11 10 23) (evil).mp3
ec5c0db82b71971de01cf03bb59fce2e1ef46b9c18eb672d4ae7a45bcfb4b015,Evil/Loathe - Is it Really You (evil) (28 05 25).mp3
fa234847cf1f93ee9b555d5df07ad57066b3f2e4e4cd8bef8613cf046dc5b0ea,Evil/Los! Los! Los! - Yagi Yuuichi (11 10 23) (evil).mp3
d8fcadcf96acff354035aa71eed0179686df08ce9f07225e6410cba4a2d60add,Evil/Lost One's Weeping (evil) (22 11 23).mp3
a7a05416cc30911ee48230458020862b3ee3e99b67342c86d75ecd122c3b23d4,Evil/Lyn Inaizumi - Life Will Change (evil) (05 03 25).mp3
891748ca142e3032268374f167cc1481dbfb08565abbd50a3eedbd24ed22fc41,Evil/MARETU - Namida (evil) (21 08 24).mp3
499c63e8e176716d50a539fbdfe80b648ed9509bd60ad01ee39eed6e4e9bf775,Evil/MARETU - Pink (evil) (01 05 24).mp3
9795349502de4567fdacf729ef5448ce5fb172a979103c1a47814c67fc1c1ba9,"Evil/MASS OF THE FERMENTING DREGS - Aoi, Koi, Daidaiiro No Hi (evil) (23 07 25).mp3"
e83755a2ca58bf1ad89d1a7e09d05b463c2974b40ba7222ae508408dde7dbf2c,Evil/MCR - Welcome To The Black Parade (evil) (24 07 24).mp3
96bd407728abf769b072ea54da365fb52a0301823cb7f51dbf85d9e84deaedf1,Evil/MIMI - Encore Dance (evil) (23 07 25).mp3
ed386d15d2eaf76ee45198e1a602c898830ff0edb6e1e6e0cfcdeae5004766d7,Evil/MNQN - iGhost (evil) (29 05 24).mp3
bdbac45d147ab713be59952c1ea6391afeceb8f981aa989e78526c4fe4035284,Evil/Manuel - GAS GAS GAS (evil) (25 06 25).mp3
bca568f051e1a67c51e8b3fedbe21e36b8dd52f830e407cc8d521e36312261a1,Evil/Marty Robbins - Big Iron (evil) (24 07 24).mp3
3b3f26c46271e35743a4a78e90c5ade42f3264567b98cf08787eee4eb3b89f66,Evil/Matt Maltese - As The World Caves In (evil) (28 02 24).mp3
4133ca009e26ad4708a29448c0369d3b989eefb2a5e3f7e78a99c6c9ccb68a32,Evil/Max Coveri - Running In The 90s (evil) (13 11 24).mp3
a7834ae637fb974527fd7509051c70966d6edb8250e2c56f28226dadf60c4c1d,Evil/Melanie Martinez - EVIL (evil) (28 02 24).mp3
bec0528bdb93f547c757ea41f590e9491a65c98d3125b22aa28c0604ccf14de0,Evil/Melanie Martinez - Pity Party (evil) (05 04 24).mp3
be5164e690d7a280009d4c6d39f0f969e46d283b3120e4e8c415159fbcdfa45e,Evil/Michael Jackson - Thriller (evil) (30 04 25).mp3
124993727bf2b1a591a5c4522e98c9510bac2c3eccf2585c920961371dacec43,Evil/Mike Oldfield - Nuclear (evil) (26 06 24).mp3
7babceea704553126d9247405d841c175ae512b2dc975a4943e35f3a93c063b6,Evil/Miki Matsubara - Stay With Me (evil) (29 05 24).mp3
76d669b8f38c917f552b40116da7e1b74504baa4639e1e970a432941892cedae,Evil/Miku (evil) (22 11 23).mp3
5e2f18093dd4884dc44555c410d061cd8d3ad1961fcbcd255b4659d777f441e7,Evil/Mili - Compass (evil) (26 06 24).mp3
d3d03a82d28f008926d20fa7f3c7188d22b28b591754a6191951d4cffead41d8,Evil/Mili - RTRT (evil) (24 07 24).mp3
6453c1877f933469d78bcf834b7a301639f44ce1e5613313c4e273da0d687c55,Evil/Mili - Rightfully (evil) (28 02 24).mp3
1b4e854f392b5f640268c7818ade773f40985fd8836ec67b84e401deb207e987,Evil/Mili - world.execute(me) (evil) (21 08 24).mp3
3af23c43d4341402fbaaf6c36937a5cf522c228bb302b75d33989955df0135d2,Evil/Mother Mother - Hayloft (evil) (24 07 24).mp3
1fc5a789e3e3344f2f082e790153bf5295a8aeb5e40d3a9bea6637492856dc18,Evil/Muse - Hysteria (evil) (18 09 24).mp3
3b4ba6156953ec73dfadfa7b662c8e0fd134e51c4cb429bf58a3f140ed599a3a,Evil/My Chemical Romance - The Sharpest Lives (evil) (30 04 25).mp3
47483090d1c4e0c960449b4edd2ec8f0c18cbe3b189e949057c7b11a0991bbb6,Evil/My Time (evil) (22 11 23).mp3
3a08910c7976c981037837311b99391e25968eb22b9e565ab3d1284025ee8f5f,Evil/Nano - Vice Versa (evil) (05 03 25).mp3
f28176098ff7c568945c47b80d58bacd3e4ad5731c47a202d3013aa0cb57763b,Evil/Natasha Farrow - Calling To The Night (evil) (02 04 25).mp3
3e69997b31f496fd812dba306f9876516b97be5dc88b885702775d10b7fb1b59,Evil/Nayutalien - Alien Alien (evil) (29 05 24).mp3
ba424f56a809b32b7a20f7774816f2cfd8d3a76029a9ad4bed441c3b1e69424a,Evil/Neru - Tokyo Teddy Bear (evil) (05 04 24).mp3
2d0ab6ecd862e537f9ef389767e5ffe48ebbae8d50957d935490c2122c4fdf67,Evil/Nightwish - Amaranth (evil) (21 08 24).mp3
f296f5ab130d28f52e52d6f1dc3748633c622c23d6e369b12ac28076a37eefdc,Evil/Niki - ERROR (evil) (01 05 24).mp3
c6fa3fbe9cab44eb7d3eae6e841b34c24430d49a884d7ef00de59dc7280905bf,Evil/Nine Inch Nails - As Alive As You Need Me To Be (evil) (23 07 25).mp3
7530a788248dedf73a91871722a4f77878075a48f6789f63b4f67103128612b5,Evil/Nine Inch Nails - Head Like a Hole (evil) (16 10 24).mp3
ec84ac1d83c9bb6d783ec7d4bbfe8487d8337d5085888c15b2cf755a7aedbb26,Evil/Nirvana - Smells Like Teen Spirit (evil) (25 06 25).mp3
bcd0a960e9837ae8d337a2e88d08eaba45dd7c2797e2d26ab7c36251cc576bb2,Evil/O Light (evil) (22 11 23).mp3
0fdddad44d238eb9e4e1ec224b65cbc2e861209593b277f9e3ba51b50a4da846,Evil/ONE OK ROCK - Vandalize (evil) (29 05 24).mp3
a428c3ffbf0e8bffe928a8a5a534e3fe520c406abec63d8e5d7e9cafdad9ab79,Evil/Oasis - Wonderwall (evil) (26 06 24).mp3
8bfcd963c47aaea18f7c744bd4761839100c5f85b10d5d71bc12ce98a8f89246,Evil/Omoi - Snow Drive (evil) (21 08 24).mp3
3d57aed9896854316443d32b91ac632a2e74d1be863c3f7f3207075afb1d61f8,Evil/Panic! At The Disco - Emperor's New Clothes (evil) (01 05 24).mp3
b0908830d69a8d3296608b69830afaa574e5ec40db44fd637fdc107fcd696682,Evil/Panic! At The Disco - Into The Unknown (evil) (28 02 24).mp3
2f6c0d2c38101399a0c0a7f9cfad48d79b6289a01969b4763fe5429e235c9314,Evil/Panic! At The Disco - Let's Kill Tonight (evil) (05 04 24).mp3
fe08a1470adf8d8221bee0e1b95f92d4fe3d05d0fdbdd2892bda17aa86de2116,Evil/Paramore - Crushcrushcrush (evil) (26 06 24).mp3
af118684673b8162db26d70a41273d1d29e95376ca7530788b8d7f05b6f5d4d6,Evil/Paramore - Decode (evil) (28 02 24).mp3
25ec6f762346a41dc7b0709e448fa528ed9e20f4d507c939e321de5d20bd74ba,Evil/Paramore - Let The Flames Begin (evil) (05 04 24).mp3
8f4f65b80d5b3a776d07d843a873f6b121b1417158e8471286b74e2063e2e102,Evil/Paramore - Misery Business (evil) (24 07 24).mp3
e7a5eec44a97f336e3398e899de930162727a4bc5cdbedbe041e382902cc3875,Evil/Pinocchio-P - God-ish (evil) (26 06 24).mp3
93214255fee1f9a7a5a6636289cf7d9b1190079cd7a5ea0f7fe55b7fcb0496bf,Evil/Pinocchio-P - Non-Breath Oblige (evil) (28 05 25).mp3
d1a9eba8bbcfe903ef513cf49179df7893ead20395e00e188ee8007e318bd0c2,Evil/Poems of a Machine (evil) (22 11 23).mp3
f6ee511f8232c55a2e32e5ef06c0e8238c7051c3be62ea0f18fb2c7acfdf7dba,Evil/Porter Robinson - Cheerleader (evil) (21 08 24).mp3
6445792aeb1dfbd24f2a8392ca0bc5fe123be641fa3bd9adfe5a0b61bc89e6fc,Evil/Porter Robinson - Knock Yourself Out XD (evil) (25 06 25).mp3
59e2e9f9b8f196cefab14e2077e7dbfc95bffdf13b4bdc8444c4402408dff450,Evil/Powerless - Simulacrum (evil) (30 04 25).mp3
3106d49d29cc44602b8412dd03807f092aff89c150445ef6814eed6047552d9b,Evil/Queen - Don't Stop Me Now (evil) (16 10 24).mp3
8918b5391cb5165462f8e0045af322b14744556cd2e9a858a4f5042de9c6029d,Evil/RRRRafflesia (evil) (22 11 23).mp3
17ea61e5e025e32b492130f2f3234b421d81b9663493f4bd69242b1347d92325,Evil/Radiohead - Paranoid Android (evil) (13 11 24).mp3
38fc67d14a048197454adc08df5e812b9782b9408c7c579f65974f1a6d38be33,Evil/Reliqa - Terminal (evil) (26 06 24).mp3
13ef859092f7c9bf3321bb5e1fca3a60fbc7fe18fe858eddef47a460eeba9f8c,Evil/ReoNa - Nai Nai (evil) (18 09 24).mp3
69c66ad91c640e7b6adce0004ae8b36eb3d77a40d3e3e3b2f7e2ebfc8028943b,Evil/Ricky Martin - Livin' La Vida Loca (evil) (23 07 25).mp3
2857a5ab1565c6ac00fad25d34ccba68ab3b85157e4606f0b61a6d10ab0950a0,Evil/Rolling In The Deep - Adele (11 10 23) (evil).mp3
34c696e704160689c304ac6fbb60e01918675e11ddd29fadb84b33cc740d9ec4,Evil/SIAMES - Mr. Fear (evil) (01 05 24).mp3
ad2c25e84fb1781444e4934d2e5d182675a4021165d73e6c06be3729b6438c41,Evil/STARSET - Dark On Me (evil) (30 04 25).mp3
e51a50c28a7d5f44332de6f3e32aa979805694b9ddb5bb91caa9bc8919243846,Evil/STARSET - Everglow (evil) (26 06 24).mp3
2349b8a2a6b6e038d6fa9df314c58e49343c86daf0cb334fb71f6716589b9584,Evil/STARSET - dark things (evil) (02 04 25).mp3
8e52f7218d437518e3e099fae09af198605b5997f03cbc849aae0a285fbb7fe4,Evil/Sabaton - Great War (evil) (05 03 25).mp3
8e71512e7c6a66abba47c38833c0c6120819102f88706f519d10c0e73301bbc5,Evil/Sabaton - Lady of the Dark (evil) (21 08 24).mp3
c4892c437a3653355f6339acd8178d3139d4eb6ceebae4be3396367581d9bc64,Evil/Scissor Sisters - I Can't Decide (evil) (05 03 25).mp3
ef1e93ed3d9bf2626ffc1912eb117f58c74d3a929a018e11d453862d53f10a6f,Evil/Scorpions - Still Loving You (evil) (28 05 25).mp3
1582dba6e13970d8cc957125e6bd4ae82463d0edfd080021ea7292eb05d2dc65,Evil/Set It Off - Killer In The Mirror (evil) (21 08 24).mp3
64f811650538322f0389dfccc0d0182996a1b3a319079a6c35e8e1e86b759648,Evil/Set It Off - Punching Bag (evil) (01 05 24).mp3
391b623983fb5d3834f89d6cf1c236c859e0372692f1189ff0fe6cc2de8dfc21,Evil/ShallowSky - Delete Me (evil) (28 05 25).mp3
1e1f5e8e9a9632f4f2717b0090baed432c537430e7efc6b858f4595234e714b8,Evil/Sia - Chandelier (evil) (25 06 25).mp3
c985afb7cbd3e6b3cdcce3124a27ebb01a5c379179d5fd789f36137560e0b5e4,Evil/Simple Plan - Perfect (evil) (28 02 24).mp3
b05f953425eccbe8ec0c0c4d9fb98ae4fcd5ef2b83c10574aec7e5bb02c2e312,Evil/Skillet - Monster (evil) (24 07 24).mp3
e1cc4638f4612943d840164f32b73f65142d8f6343b117a9fcd557009aaa7287,Evil/Skycylce - It's Terror Time Again (evil) (16 10 24).mp3
9e72847e14cafeb8882623c7c217f851dd88b58f17dced815c762ede611093b3,Evil/Snake Eater (evil) (22 11 23).mp3
7d5dd22162d74a450768f79e2963d09074203ce78f29c08d8d5e0350a4355bbf,Evil/SnowBlood - Crazy Fuckin' Robot Body (evil) (21 08 24).mp3
b58180f5029eb08aa17f0ac3a2018a1cf8d73d393f93d6321bc2e0dfc9dd0b22,Evil/Soundgarden - Black Hole Sun (evil) (28 05 25).mp3
5dbfbb8cdc24be86638a0c45790801585b812a6d282a0ac363eab49fbff38c5e,Evil/Stranger (evil) (22 11 23).mp3
3a5e9ac280352e87400ffeb9d55a506a36f5fa8e35656cfff8bce04f3197623a,Evil/Sweater Weather - The Neighbourhood (11 10 23) (evil).mp3
a439239b820f27d59e32a4cd434296a5f9dfb0e4e8ef7ff43def348db569e232,Evil/Switchfoot - Meant to Live (evil) (24 07 24).mp3
eb3fe811fcdc46e6cd321f2266ab405c5630b6c366b13bcc39d32ddf7e274e8b,Evil/System of a Down - Lonely Day (evil) (18 09 24).mp3
f5331a6a2a32cedb78de49e18af5cdc701cfad41b13a189c0226d3eaf511342d,Evil/Syudou - Bitter Choco Decoration (evil) (28 02 24).mp3
67fe2628ca18d9d1c77b98a4fed58a3c3621e7b3fb16eef8219fd945e7e915c7,Evil/THORNS - Honestly (evil) (05 03 25).mp3
8d86fe723936d96522567fed8fe5a840466961963aedd644da1a1c84613357a3,Evil/Taeko Ohnuki - 4 00 A.M. (evil) (28 05 25).mp3
0f01f84d98b56d8f9cf48c6ef09b8e2ffb98dfe4ece5fd0cb3c3e44eef5b749f,Evil/Talking Heads - Psycho Killer (evil) (13 11 24).mp3
0e126db4bcf98939d9883fb35afc0dcbf8d1f080b1b44d513c717db1205a33cf,Evil/Tame Impala - Borderline (evil) (18 09 24).mp3
052084ce5eddcf2dfe4647c53e1d5fd4372ee6be750c41d8a47215c452d0d82d,Evil/Tears For Fears - Everybody Wants To Rule The World (evil) (05 03 25).mp3
cc1f5a1d3304b47022bf2976b225d193363f29bad13f4432965387cc82ec6ee4,Evil/The Cab - Angel With A Shotgun (evil) (29 05 24).mp3
264dc0ee2b3f3231fead9697c966ecdc4a4909d61d2be579ddfffaf43dfd727b,Evil/The Cardigans - My Favourite Game (evil) (25 06 25).mp3
2cdf00fb289cf8b0cb6342f5bf00bd05dce58218a3842ec31a80be7ae5960b12,Evil/The Cranberries - Linger (evil) (23 07 25).mp3
eb27d28a6be74d7936422337d0275d0cf4ab22d40501c3ec2ef787c327340668,Evil/The Cranberries - Zombie (evil) (05 03 25).mp3
b744f25ee062bfd8c14eb75937966987a92f187a3a6e08a669cdee4f9eed6cb0,Evil/The Disappearance of Hatsune Miku - cosMo (11 10 23) (evil).mp3
5234d74df45d26facd93ef850cdff46dce6ce60c99ac7eb347112cd8e613d6e9,Evil/The Fray - How to Save A Life (evil) (13 11 24).mp3
c3746348ee4e244e2502e10f8eb35335fe6000d70ac41e1bc6205aedeabdcda2,Evil/The Kill (evil) (22 11 23).mp3
daf21b61049590cf62abfc0282fcf4737fa50627a9135f2dfb12ec2fa6047d2a,Evil/The Killers - Mr. Brightside (evil) (23 07 25).mp3
7890b4d3c2b34732ba4d2897f4b25da5ac77ed826012e1fbbe1b18bd27a89744,Evil/The Killers - Somebody Told Me (evil) (21 08 24).mp3
cc971030cfc6cf5275dab1e4cf5478ba650ddf647f6d73b51ce5655c70941d58,Evil/The Living Tombstone - Die In A Fire (evil) (05 04 24).mp3
80f37f3e6d7ac048c75d61b6a9a4a7d399395388c7de43b4ccdca9f691b07b68,Evil/The Offspring - Gone Away (evil) (18 09 24).mp3
852950cc9a410b004498e20a43936326cf02788c292b6093c1b601426f556ccd,Evil/The Offspring - The Kids Aren't Alright (evil) (05 03 25).mp3
0cc1914595103f1f3d41f8351c755b32b826993ac0d007b96955cbfbf43c299b,Evil/The Pretty Reckless - Make Me Wanna Die (evil) (30 04 25).mp3
ec9aeff2d3cde3bb66a407ea1614fb6c0511bfe211b10f5037a0632033f0acf6,"Evil/The Rolling Stones - Paint it, Black (evil) (25 06 25).mp3"
e75c57ededc8bdd7f07a778aec4430691c128c9ae1416b22a9c5af96573b95ad,Evil/The Smashing Pumpkins - Bullet With Butterfly Wings (evil) (16 10 24).mp3
35116fb168ae2539bffc072469da45b029c9278a9a880863bb7849e2cb9994fa,Evil/The Verve - Bitter Sweet Symphony (evil) (23 07 25).mp3
f93546f70b25f61a8e34dba826e54bfa6db1529e69e08ca148b4c18f26e675c1,Evil/The Warning - ERROR (evil) (2) (13 11 24).mp3
85bf5611b6936bc3cf9f27715b74875bd30b4bb3d9625aee23c5debec9b65fec,Evil/The Warning - S!CK (evil) (05 04 24).mp3
ceafc0095eee387fc108e02ba634333e4f121c971468b318e30b7121293c3989,Evil/The White Stripes - Seven Nation Army (evil) (25 06 25).mp3
e5185ca612061851ef3139422dc0dfad186ef0d34740847de739e116d40b9a51,Evil/Thousand Foot Krutch - Courtesy Call (evil) (30 04 25).mp3
5f8279f42d4baf6e106e23fe648207c29ef3329c1b25eb206ac6a46f1aa863b9,Evil/Three Days Grace - Animal I Have Become (evil) (02 04 25).mp3
8505179e20d76b085a040bb3c336e233bb90c3d62d26d8a1885c14b7d4fc8aae,Evil/Three Days Grace - I Hate Everything About You (evil) (01 05 24).mp3
089519ac32e677b3455bab7d8c4b22d52181b2e973a4900a7ace362df7b22da0,Evil/Three Days Grace - Neurotic (evil) (29 05 24).mp3
3e115de2ba4d313092141cff4b1257253fbf5e3cafcf4359366879114dca8067,Evil/Titanium (evil) (22 11 23).mp3
fde4b1952983284ceb922317a7e83713a7727c15c7fe151dabb2fc99263fbada,Evil/TryHardNinga - It's Me (evil) (02 04 25).mp3
f2bf391275ceb8b2948323a76cbe8db496a9d4772bf05d83770376da563d383c,Evil/Utsu-P - Bizarre Food (evil) (01 05 24).mp3
3f162361804c1982354d5995d916817cb911b99f0a9c67b5cd49bc5e51f0985a,Evil/Utsu-P - cold death (evil) (18 09 24).mp3
5e208625b2ca28015f61296bbdd5a93784f381451c50ea90ab63c407228055be,"Evil/VocaCircus - Hello, Again (evil) (02 04 25).mp3"
1a5ea718ae2ff3217b49270b395c0504e374089dee966d8dcd4583315bc5b7c7,Evil/WIND ROSE - Diggy Diggy Hole (evil) (16 10 24).mp3
05afa2e1f64eeafde6c41adab1c0429e6a5799d8e2abfcfd5417b83a85dc7d3f,Evil/Wicked Game (evil) (22 11 23).mp3
2eb3a84b6a9bc825341a11370ef6c83a57fd4531095c97bbb3d28ee77ac8c13d,Evil/Will Stetson - Writing on the Wall (evil) (16 10 24).mp3
44ed687fbc2fba6f8115f0f486dc94f4d5d718a8ff7fca817bd07ce098a07c2a,Evil/Wowaka - Rolling Girl (evil) (05 04 24).mp3
f291271e4f3c1a8525964815404b252d33de93656afe0d9012742d9b94e817f9,Evil/Wowaka - Unknown Mother Goose (evil) (28 02 24).mp3
11ab3cb8aa181edfe5a23b9c248718c28fbd8f054a1579d2abe38bc8ae1ad58a,Evil/YOASOBI - Hero (evil) (24 07 24).mp3
1411fa80b99d80f40a22170a7c0deb810a3f44c5110b6f66684a82cb50ef4eb0,Evil/YOASOBI - Monster (evil) (18 09 24).mp3
bbc9493e91df47df1bbd8bbdbdb5ed53ae3ceac07de1baa369c7b1d553d3c065,Evil/YOASOBI - Racing Into The Night (evil) (05 03 25).mp3
49dc27cd5d9746066f58ca8739569f075933235c0c8a9c35998efa1f53db42c0,Evil/Ylvis - The Fox (evil) (16 10 24).mp3
175e9dba50c2a5644dc49032cc37b69b6f1292f0f7d7275cc05830e74ae3f8c5,Evil/Yoshida Yasei - Override (evil) (16 10 24).mp3
adffcaad3bbdf365869f9775c39dd6cbfe603af21e80b7462cd7a2d508a9bc25,Evil/Yutaka Yamada - Glassy Sky (evil) (26 06 24).mp3
c8e4df1157e96a9bf540ea75cd4b124b457b7847a2a5c4694a7cc3368865856b,Evil/Yuyoyuppe - Leia (evil) (25 06 25).mp3
0285660241ea86cc18585991164634f75f616baeed7e9f774a18a0f70f48e407,Evil/aishite aishite aishite - kikuo (19 07 23) (evil).mp3
81c53c1c5109a1d5a3eb5b2eac4811b538fc3264b96689bde15f11d5ca404ba3,Evil/atari front program - utsu-p (30 08 23) (evil).mp3
99d8f550f667a71322b200e2d17d31c91427532dc7ff9814f3ade2149ecf5cb3,"Evil/avaraya - Petals, and the Voice Which Trail Behind (evil) (23 07 25).mp3"
287cd981c6e7257c598cfcc86a4cc27104f12229d1e05c0d37dfdc4fcf9f9588,Evil/bacterial contamination - kanimiso-p (30 08 23) (evil).mp3
9ad95c1bfef687f3c1a3bb768b98b21744b479586dd9cb6b27f68d19c72cd72f,Evil/bad apple - ZUN (19 07 23) (evil).mp3
f78313f5cbcb669996c9a14e483b842ffdd2062f03c8b7cf05346d05030e0991,Evil/behind blue eyes - limp bizkit (19 07 23) (evil).mp3
475be4cd33e7dfc88a4163bdfbf238715945c1a4a45b29b2b4eb5a0af3059d49,Evil/bringing it down - starset (30 08 23) (evil).mp3
7c057e5893f410506053256c67ed427823d5a41caaf236083f96ea9732ea33aa,Evil/can you feel my heart - bring me the horizon (19 07 23) (evil).mp3
51e654365f700bf7afd3caf14ed393600ea7084a650dd419274f5179e68252f8,Evil/copycat - vocacircus (30 08 23) (evil).mp3
a941b2065d3b1ee083ee299a9da20a3d6ed8eb493834d7b6f50d414dad5ec1de,Evil/crawling - linkin park (19 07 23) (evil).mp3
48c163c2e00e55f0ae9fed56e743ef66da762b1d8adfc2378cbf29e12a892d6e,Evil/death of the law - utsu-p (19 07 23) (evil).mp3
28b5f114f7243f5a2081acb9148f3469189528d9437183f937cb5d38c2db4792,Evil/do it all the time - IDKHOW (19 07 23) (evil).mp3
2bdf3643c98b2cdf2110d017b018f16c1c69020ed4709f61fb30f796c1d436e8,Evil/great war - sabaton (19 07 23) (evil).mp3
924292755902b3e68a0b4513d35daa2ed70bb79383a778ce6ad1a6f254716fcb,Evil/i don't care - fall out boy (30 08 23) (evil).mp3
485b8619ea1a4e54dfc507c0d1d820e3e11f9a09f75b9cbb14c0e1f4c211d2a0,Evil/i write sins not tragedies - panic! at the disco (30 08 23) (evil).mp3
61736622cf936b3a8b53317bd4f472e971ff608dda7709483dbd609110836d40,Evil/iroha(sasaki) - Meltdown (evil) (05 04 24).mp3
0fb4396c536d26ab0b371a118bf7498ca9566fc532db76c2213153360c8c4e33,Evil/kawaikute gomen - honeyworks (30 08 23) (evil).mp3
5969c1c3f572e35d29184906a0d5d71430d41610cf7cac9755b477baa2dd7468,Evil/kemu - Six Trillion Years And Overnight Story (evil) (21 08 24).mp3
6105eab30634fc7f20a11aec438f52becfe5adb66c0f6ca2a4d2e662c4deeed4,"Evil/kz-livetune - Last Night, Good Night (evil) (29 05 24).mp3"
04ec6bb6ebeec55aa9cefea5a9cfdb3d35500097937ed6969f525d6e9cad980d,Evil/make a move - icon for hire (19 07 23) (evil).mp3
19f1cbf42fa4b28ae21519b14c36b7cb08d4f89e7bbc1665b6a54883c0b0678d,Evil/mekaloton - Metamachine (evil) (25 06 25).mp3
183386213175df534aba7274582688658c88ae399bbe76e3ac18d65a24d5ed1f,Evil/monster - skillet (19 07 23) (evil).mp3
1bcab4f2038cc4e1a2b3def1e198a33f36c692faf4e3a00f5d950d69246eb3c8,Evil/my happy song (evil).mp3
a602f16bc64576e2c56845fa7380423df21609e503e5dbd45d3d5d8be5440887,Evil/niki - FIRST (evil) (05 04 24).mp3
5818caeb3ed0c763aa5e3030c34ff56d3323f72cc6a52decf3147ee2348ab783,Evil/niki - Jitter Doll (evil) (25 06 25).mp3
7a0dd3a83b5f7fe110100ae2bf2bc8d5cdf69917690c9c3b5638d12e339f00bc,Evil/nobore susume takai tou - kikuo (30 08 23) (evil).mp3
213c8306bf0131b3415b257e84e3ac0cef7eb10513bbe7e5ce700e21bec26d79,Evil/numb - linkin park (30 08 23) (evil).mp3
74c60150814e64e3e844e46f1c6a4d0deb30fcdb9a7cf5a87967fadf197c989e,Evil/nuyuri - Lower One's Eyes (evil) (05 04 24).mp3
68158cdcbbb3fcd1f0ea4d70b4671ae3274e6262934ca0bdc906ce1357c16d79,Evil/otetsu - Black Gold (evil) (13 11 24).mp3
355fe5089f53ad7c44d7edd32def1f3cfaf47d9c822aaba9685e3854182859bb,Evil/otetsu - Stardust Utopia (evil) (28 05 25).mp3
9710c75a8fec3450c3495207238a42095ed7acfe486774f3ca22e111dce220f2,Evil/pain - three days grace (19 07 23) (evil).mp3
074ed358a9ceea87909d1160ec762b600e7b65db228b9cab8b03492abf9999dc,Evil/perfect machine - starset (30 08 23) (evil).mp3
04ad36ab26697336e31822ddb9c87ca7eafc36ef626cbb77b044f256ea434480,Evil/riot - three days grace (30 08 23) (evil).mp3
7d1f192d52e6437f9b76f3b358b191d26abb9b0b40c87c47933d254c3c592850,Evil/siinamota - Young Girl A (evil) (02 04 25).mp3
092f927e46a3eaa1639e04ca9a0d96c6c947a5a96bba85eda59226bd67e2f720,Evil/the kill - thirty seconds to mars (19 07 23) (evil).mp3
8265ac960f90f800c9f1d1876f5d474fa15ef6c6d4127b0bd629f3b5b4fde6d3,Evil/the last stand - sabaton (30 08 23) (evil).mp3
2a8abc30d42fd2efcf306bd8806b4cb9276440398a3c3c1c90b027617bea4927,Evil/the phoenix - fall out boy (19 07 23) (evil).mp3
4823f9001eb34251319418ebad23705e5f2661a91416015ab2b3c147d72c6f3a,Evil/the pretender - foo fighters (19 07 23) (evil).mp3
17d24c53bf86f276e1132b4cf7bca060837066da589dc99bd8eb002309b4ebf9,Evil/the rumbling - sim (19 07 23) (evil).mp3
d71430b3f8fb9d83c6c5b0813a21989d7e8fabb9e1478007f708c5665806eddd,Evil/the wolf - siames (30 08 23) (evil).mp3
0bc40575c450c67456fdacd222f2ce5a357724fb01a7b838d9ab21d59499e91f,Evil/thnks fr the mmrs - fall out boy (19 07 23) (evil).mp3
0375fe64efbc4c21ce13eff58c80f00ed5e764fbed826fef38bf8dd615c85149,Evil/through the fire and flames - dragonforce (30 08 23) (evil).mp3
2e6341a96d2c7b24165fb851d20dca96f458eea4d018c4815f841578f9823aec,Evil/unravel - tk (19 07 23) (evil).mp3
ca52913a8ee4a1dc522760d8cfd24b82e183177fa74b306cf677791733651d9d,Evil/uprising - muse (19 07 23) (evil).mp3
2d8c9a46c272a153e9fae90c506ac66ffb40e4d0808e0d0827d0f3c6d10ac2c6,Evil/usseewa - ado (30 08 23) (evil).mp3
f638a09f97aebc7d43f785ff5c4bae83cb8f8f03966d4d8d78d58a179b5d0cd4,Evil/villain - kda (30 08 23) (evil).mp3
15a59d21d63b5f179017f3467e06ca5147497df34005da46c9bf66d4494c00c9,Evil/voices in my head - voices in my head (30 08 23) (evil).mp3
64f72cb20039210394ed796fe6aa723b5234e25986496e62a5664316aecfdd4c,Evil/wowaka - Two-Faced Lovers (evil) (01 05 24).mp3
0f89a795d05f6d75dd26553a37426aca048d87ed64d6f935f62daf7aca0c1cb7,Evil/x0o0x - slash slash slash (evil) (26 06 24).mp3
f35cb38fc0142a8f3abca53f1a6d15cb273969fb7e6897b74410c12b6b8fadc5,Evil/you're gonna go far kid - the offspring (19 07 23) (evil).mp3
33f3850556da209b8acf49b44d2e9936efd8f205303c233c5352f20f8747b34a,v1 voice/[01-03-23] Blinding Lights [1697030767].mp3
fcc60ca8844503162e2c4368aaed669190c3ac71e439053d2c334cbd524498a5,v1 voice/[01-03-23] Take On Me [1697030767].mp3
563b4849ff3a0735971ed1fe3f9894288589ff529b69f5aab9c818b04ebeca7e,v1 voice/[01-04-23] Viva la Vida [1697852947].mp3
241cd11b1bbdfa14a64da7b8043f90f6a33a702aebf6134e4b8614be219e94c1,v1 voice/[01-05-23] Ghost Rule [1698827718].mp3
60dee70e506c5261a1caf51d7e76a43f4a94c0667e400d307cd881ea1af69873,v1 voice/[01-07-23] money machine [1700888340].mp3
ab933c6a0e55dbbe819b0a0590c454d83255acb267c1ced14bfcee607dea02d9,v1 voice/[01-08-23] Still Alive [1701989847].mp3
bdb0b8c70ee939e4e035747a907d9ae48ebdce5f18917ca4465004a33122e1ba,v1 voice/[01-10-23] Sad Machine [1703729914].mp3
49099bd62fa9144eff0fe04a91b747d827e6c140257c427dd110f3466f61be01,v1 voice/[01-25-23] Never Gonna Give You Up (short) [1718192358].mp3
10c7c675daaac063e8a30d1e3e5f9826dfd1656a7a266def0c3faa1912a3db11,v1 voice/[01-25-23] Your Reality [1718192358].mp3
0e77619f57be1a4a5bc7c5a55cde49552a91ed49d76283acbc9ed452ddab361d,v1 voice/[01-28-23] oddloop [1721262067].mp3
55c69dea22b39beb5d0e71f3ae713b07a25b26557f28d5f65027366a0e920cdb,"v1 voice/[01-29-23] Guitar, Loneliness and Blue Planet [1722280449].mp3"
e9543babaab318281251e2e3a8951deb223a847e8a229ef791c2c6131db45f71,v1 voice/[01-30-23] Can You Feel My Heart [1723159057].mp3
e81e68a4f3381f30275d780d29f8e488843d70cc0401c185aacc5c45211a82df,v1 voice/[01-31-23] Revenge [1724266675].mp3
641a9145331316409f98be4cd114890c3fade2454269d06e78a0bc4491ef871c,v1 voice/[02-01-23] World Is Mine [1725333415].mp3
fc65e5157be0f36bc06320121eec12f4fb0cd34cdf79f0280d97d2be8ab2ac16,v1 voice/[02-02-23] Enemy [1726234297].mp3
92fcf4df646b1c3b5107a16f449d0701e96a38e5b05ada192ca8552b882a1fe4,v1 voice/[02-03-23] Brain Power [1727328218] .mp3
39124306813d912b74673e8923c050c2eb38f4117c407933294b613276e6e8a0,v1 voice/[02-05-23] Numb [1729452042].mp3
90a62bc4137462de0010665e7bf667b1f622a475559b8ae90386d4f5550ac92d,v1 voice/[02-07-23] Baka Mitai [1731326795].mp3
39de099bafa83826a65b9544d72f95e7282b5e5a96de6d740662b3fd431d7a25,v1 voice/[02-09-23] Country Roads [1733389461].mp3
84f7a50dee249e499f175d4c65df824060caa78c992084a61f15a08290ed73ef,v1 voice/[02-10-23] Shelter [1734441639].mp3
5ad2616d51651d076460673535fe07df4e7bea9dc516fae83348c7ac4713e29a,v1 voice/[02-12-23] KING [1736657349].mp3
7757a98ee9d396555f89a4f58f4579247fbbbd3097417a404fefdf02c6c6be92,v1 voice/[02-13-23] phony [1737470512].mp3
a58843686f7b97597fa758236bc5933b64cc2d985a37068657d5891f5a75e95f,v1 voice/[02-14-23] Careless Whisper [1738366711].mp3
9f4fb765cdfaa0f0e07e01fc53f00c2b9aeda64628403f3dcd30214df8d2ad1f,v1 voice/[02-14-23] Dreamin Chuchu [1738366711].mp3
4df01eb6ad30d627ab1f240a623f348fa41b4fdf98533cf447dbb10f21cb1d8e,v1 voice/[02-16-23] Bad Guy [1740520941].mp3
68a4c31ab9734d95ec15192028e6cecd9fcb86018e18a79c949416a1a6557329,v1 voice/[02-21-23] Blue (Da Ba Dee) [1744727730].mp3
c6e72e5e7de93377b25c28584b160aa7443de85db4c4134fdd79c2ca79078512,v1 voice/[02-22-23] Echo [1745701570].mp3
63589645a72d269844abf6e6273b13e8f56ffe02658b6d979840fc7f4f4789b8,v1 voice/[02-23-23] All The Things She Said [1746658255].mp3
77f1580422f353b4e5bed551a857d9348afb36d974037bfbbcd56d5593a3fff2,v1 voice/[02-24-23] God-ish [1747956344].mp3
34d603bc428cdac51b2e316c465a6e2173c1afbff1d27a3f0df079bd20b2ad1d,v1 voice/[02-25-23] I Am Machine [1748732412].mp3
c985f1b88a766ecf961c10343534d6f73c61bed1f6f683155c1f978196baf076,v1 voice/[02-26-23] Snow Halation [1749864610].mp3
dcc383225821fe147f22bd769e16219226c144163526e6280db47a1db60b6c0f,v1 voice/[02-27-23] It's Been So Long [1751085977].mp3
321432a61522056984558c010983ebb1ef074cd0c3cee4011a35b2d6342eca64,v1 voice/[02-28-23] Take On Me [1751952935].mp3
9fe2fc5cef1d1fdc9db5b03eb02ad56b414d436f04005dff2154b4fb1328acad,v1 voice/[03-01-23] Eye of the Tiger [1752842315].mp3
12d6c0b17e76d4dd00baf9dd26565c51ee6bad40b7561938c9bdbbe13b065eea,v1 voice/[03-02-23] After Dark [1753769062].mp3
1e2097f6ff4c496bf571e884098a6f059008e30f8b0ade422e9d9e94964b0924,v1 voice/[03-03-23] Usseewa [1754834997].mp3
b818402ed9119b6cae1d0a97e78012f8958aaaf1b0fd3ba1819f83d908ae60cb,v1 voice/[03-04-23] All Star [1755600383].mp3
59e5a582ab57de548f000e4f79910e8c548e2b252f3e5362993862c8b0dec167,v1 voice/[03-05-23] Teo [1756878742].mp3
e1b18094f67ce447a5c924c41e2b7b3fccb34ff15a79776769a8c61f2d8d052c,v1 voice/[03-06-23] PoPiPo [1757675881].mp3
c25a5f43be58246e3d824e3b77f02a8e2519a57b7cf784f27ae5494a0c96f097,v1 voice/[03-07-23] I Kissed a Girl [1758571592].mp3
3c31993f560284e562d95200e6a9e357b27aba0a9fde6cb24ff9d91d7f13657a,v1 voice/[03-08-23] Pompeii [1759233605].mp3
96e54e9fd7aeb047ce02dad35c4fbf936003c5532a54041e108318115b7b8758,v1 voice/[03-09-23] 39 Music! [1760407583].mp3
99a88895344c96acf63feb721b536356d56d8304b2af0018e5e84976d2a1753b,v1 voice/[03-10-23] Gee (JP Ver) [1761480608].mp3
d4be7c16051eca54603bd5ca301a04e3371169d84a1c4af4deab5487a9b6980e,v1 voice/[03-12-23] Bad Apple [1763497210].mp3
06ad9d5e8cdec5cc97be59da81b0407b107184bdc1f08c7f1049dbff8ec63d64,v1 voice/[03-13-23] Radioactive [1764154256].mp3
2bc4189221aea036591264b298c515c2aae014b06e2e792a21a9b308885f883a,v1 voice/[03-14-23] Call Me Maybe [1765291076].mp3
ea6317b0d00653de8ed091323429297fee3819c31a9e9a15461451661d95773a,v1 voice/[03-15-23] Pokémon Theme Song [1766217621].mp3
e5a5c6a31c8ee16b2138fd31d6da5d5600511abf91a968f6bf87f4be51d9f7ec,v1 voice/[03-16-23] Venom [1767076289].mp3
15064be4b062257cfdf93817d99ebbc01f95c4f63a4d9132db0fda9fbeb40196,v1 voice/[03-18-23] Believer [1769103630].mp3
b63aa4e19e2d8d7146e19e0669f7e125aa006481509d9b13c467b5e25d2d911e,v1 voice/[03-19-23] Ai Kotoba [1770099807].mp3
b94c2c013c848f6f6b48f390efde6bd83c1460dd982f7b6de15563d8c95a8183,v1 voice/[03-22-23] California Girls.mp3
3fe141ae664f34c0390ac783ba8b4837f8c163129681c15a3a1f4e190d0e39f2,v1 voice/[03-22-23] Luka Luka Night Fever.mp3
bb05a2077285b5624c0f4ce312f41ec7ca0abf742021f79f496a57f772af072f,v1 voice/[03-22-23] Toxic.mp3
10419d0fc2ef4901c55a18234ba7e47ee49ace68882bec4de0f6a9d14b2bf73d,v1 voice/[03-29-23] Dramaturgy.mp3
572e8e2889af105cff68f20adcaf4ef8a5e3272f2fc4cc856e1c499c47003760,v1 voice/[03-29-23] Running In The 90s.mp3
04b375990cbb28a3ed3920b4fa16c195189cd45c2ae12a9a1c782b4e6aabb168,v1 voice/[03-30-23] Bitter Choco Decoration.mp3
def95b77853858f8aec4a61fa98b41686594fee70b677c342be2413c8b3be155,v1 voice/[03-30-23] Hello Planet.mp3
2e0e391d141c2c85ba6de3e8330f293c5a705d60c5c25e8e350c5a461ff3b6d8,v1 voice/[03-30-23] Matryoshka.mp3
29568b19421410ff735031bf06aa3fb54678793db10f2883b6bbcd53eacb638a,v1 voice/[03-30-23] PONPONPON.mp3
503d5245d9e138c01f8711240bc50955932ecc496bab601a72f6526d85af9361,v1 voice/[03-30-23] Sad Machine.mp3
1468434f6104ef91d67f1696f7cdd7f7583c403b18f0800803e3f93e1b0b958b,v1 voice/[04-05-23] Behind Blue Eyes.mp3
f634331b3ad4dd258312ebc208a80dfda3f3e19eb86a9686a2cf318e3b641b77,v1 voice/[04-05-23] Ikenai Borderline.mp3
c10151280657825cc842e2c5e401406d07daad619cc7cc80dcadc9f60ec10c8a,v1 voice/[04-05-23] Moves Like Jagger.mp3
de68b04a6f693ca49e14ee458429812384c79b7d941b70367c3763d0074d979c,v1 voice/[04-05-23] Somebody I Used To Know.mp3
f8478aa99d1b57c75f03e31dd2e13386766f804ba0eacc25a26d0e3b169ea76e,v1 voice/[04-05-23] The Disappearance Of Hatsune Miku.mp3
ddccd03340d660a27032b35c8850434a1cc41cfee4bf8f779dc965a50d0d594e,v1 voice/[04-05-23] Thnks Fr Th Mmrs.mp3
bd874417bef074bc3529d50a33a5080bbf885967409aa657907d401525344769,v1 voice/[04-05-23] Welcome To The Black Parade.mp3
48206b3ebe792557b27d79f641cfdef7f3b75d094adb38b6a8afc84d6fc25d2e,v1 voice/[04-12-23] a thousand years.mp3
6a0ab0543bad991e9d178c5b042891af9020479d88ab8802e4ec9a1c806fa66e,v1 voice/[04-12-23] alien alien.mp3
a851392639d128c50f5cc242f1ff6458db885fb9a48c03196207c0cb448a065c,v1 voice/[04-12-23] fly me to the moon.mp3
ccd309e56812d542f0e1580ecf6df1e44f7476d0c66af689f0800e025e27f989,v1 voice/[04-12-23] high hopes.mp3
52a37a1f06ae64f5d91e486172fc1f07d4bcc91460480591c18b81e7f40664e8,v1 voice/[04-12-23] internet overdose.mp3
6f4ca83462bef2c1812a9ec8a5345b8f15b0529d267409cc0ae699aaf80417af,v1 voice/[04-12-23] karmanations.mp3
06906f7359cc5213ed1eff60e51177a9ecd13db05ff4a225acbcff2835d8c2eb,v1 voice/[04-12-23] lagtrain.mp3
ad7a66942f270cf37832cfa93391dfd35e49d418247c60cc008fe14b672c491d,v1 voice/[04-12-23] so what.mp3
2f1cb25d12c6be757f822655296e045d668af716dfeb81072608fbeb58cd34e8,v1 voice/[04-20-23] common world domination.mp3
3a34797fb085a5da1eea1593eb2a832fcb0b003affb3a9f59219fc1b7a840767,v1 voice/[04-20-23] digital girl.mp3
245822b28f916f54f8af29df7d0ab2477524774a3ecf7df20e08c949458ec75d,v1 voice/[04-20-23] gangstas paradise.mp3
7b7e5930deb0e8acccaccb4e1cbabdde123f422f1d0036c22c6d1bc77a813109,v1 voice/[04-20-23] human.mp3
9776e1667ad6b7a4211b3cb1e600ea32df4db0657ca146c3ee54d3d180066a51,v1 voice/[04-20-23] ocean man.mp3
fa331e9784bbfdd97f621f8448ad9084eea92741d23bd16ca019585086141897,v1 voice/[04-20-23] renai circulation.mp3
f529b338936b6161a1cd76a57550dc7384f10cf4937de633c2c55d067f4abea8,v1 voice/[04-20-23] rockefeller street.mp3
8154b9e3888b4ae64a6022f6650ea5b540d533303337d18710199d5810d10d10,v1 voice/[04-26-23] idol.mp3
e7bee754a2fb49cbc3298a65bb3da8ed46f8ac9dee758a9213e17c78aaa35600,v1 voice/[04-26-23] legends never die.mp3
76686d2a6754c1d54658a9a433157d8dfea097d9fbe76eea5307f67263c64f83,v1 voice/[04-26-23] nyanyanyanyanyanyanya.mp3
646a5d721131a7fa92a4b339b17d21c410b4d36bb6b2c5339e1a309333379ac5,v1 voice/[04-26-23] rap god.mp3
86089eae47515ce276ba911c4ca2773e043ffa5dd7442a82a8f19db6dfbba157,v1 voice/[04-26-23] reincarnation apple.mp3
fba5fa22b7bcaa1a070e2d2ffcdd19a956ba2c62ebd31aab403241b9bb89f5e6,v1 voice/[04-26-23] the phoenix.mp3
4792defc934ada9a76205effb628cf4a94636494108b85cbcf523553f05ccead,v1 voice/[05-15-23] 24 hr cinderella.mp3
057dff547adde4720f58f1f0fdf976adb085bf938f65f72de8fddb2994bbae4f,v1 voice/[05-15-23] chandelier.mp3
9520306388876dae3f00562937ef3d65df538a57ec5489ecf9d49f02a7ef1056,v1 voice/[05-15-23] electric angel.mp3
8ff00fe44a0e3efe08d3cf533c3c6581e3a1dcd86e32b986ef0bdc180621d73f,v1 voice/[05-15-23] golden hour.mp3
736b2e578f1ce51b85e9b5b275d29d815751dc4005e8f2391a9395de666d3ac6,v1 voice/[05-15-23] hello world.mp3
47df3a836385adee96d10060f27e1d6943e43cf7a9f8f5e2b3e5258dfb27b5c4,v1 voice/[05-15-23] senbonzakura.mp3
12778190439df6a207c5ade31dc92197ffeae1014279cf88198cd2a4879d34fc,v1 voice/[05-15-23] viva la vida 2.mp3
447d3e41b2c0bfef21432c092123d9cba6cd0b4717f81dc2d46bab1f76fcb85a,v1 voice/[05／17／23] fluorites eye's song.mp3
24f0ce0ce3e3acd0abb3e1c9354a7c73a66d7e6895deeec39cb5597ffe9c5917,v2 voice/a thousand years.mp3
4b3865b98713085520613e6168f5a7cee5cdf2d7fb7c455aff4e9f69075bf1ff,v2 voice/aikotoba.mp3
3116f4e589629f9c805de5ca1b3407f63c69eb5d1fc2ef48554a69cc08644af9,v2 voice/airplanes.mp3
cc13529bf74121b9c20ea5a5e5a183557be6821dbf410def40d553a859d00b6c,v2 voice/all the things she said.mp3
6de9da36df9fc0f0a0800ca7732d31a656077a243286747c29b2578a680cecaa,v2 voice/bad guy.mp3
57fe7b62ff3e6e0766ada870116e64ccbfa605cf1081a3358c4bb4a56dbd15a6,v2 voice/baka mitai.mp3
e911da3d59096a24fac29686e8299404369e40d98610fa549b7a7cf3d3d9e168,v2 voice/believer.mp3
12b8e75a9ec2c6e10f2372f6f35be3da073a18c07632187455d1911b75ed34b3,v2 voice/blinding lights.mp3
29eb0f1ef21dad81ec2eadd679b41b82ec233459ea31b0614bd59d27a43b4e5d,v2 voice/call me maybe.mp3
43df55265e922152401d2cb88ce5096d0ad507952928c530f618cf1f9c1b3033,v2 voice/can you feel my heart.mp3
9dddc860963db87f6b19ed393c4230d1e0cd364fff361bf1dcc7b1f4edafa6f7,v2 voice/careless whisper.mp3
9a026bbeeace9c3d2c759e8a2113a57eae7e335408b6ab467648f521baec7877,v2 voice/chiki chiki bam bam.mp3
35061d1e4809738b78fbe5ec681053cdf1d4010c749519c3b07c97c61d99c3b9,v2 voice/country roads.mp3
daa6fd3d9c549d431119c5ca68191c28753c20db734bc8ec53f260b4cb4d2bff,v2 voice/cupid.mp3
a81d12bdd1a24179f611c4dc68a81cf1b8a625d7a44f67a9d505cf79db3c54fd,v2 voice/enemy.mp3
b0fe39331aace0a477264a47232f1e8478df6ecba459798e8c4dae8da39262dc,v2 voice/fireflies.mp3
b221cfda96658f3bc6b4cf1dfdb3f930acd05ceb7fe872cc62e28e60bd8f5b68,v2 voice/fluorites eye's song.mp3
e06c04a78374271fb3f9baea5684987f62fb8eecad1bc3ac69ff6354de5fe83a,v2 voice/gee.mp3
06318146a6ba925730775db05dace156a308ed67aef113285b90321462fdabf2,v2 voice/godish.mp3
25a3280dd8939108f96b9d6c2f28ffb0e1032fe69ade796728a7d6e96fddab54,v2 voice/guitar loneliness and blue planet.mp3
3eeea30d3ea9ee78a4bfacb032542faee1dc253f725aa43375dfbbc57757b4e9,v2 voice/i am machine.mp3
a52ff081c1081332ff2789b2f5a3d32670a2f7e9cc81ba0b4e9dc6cf46ce46aa,v2 voice/idol.mp3
99850726c1ad69545419900ef7876c3611be44a61d6f07fa8be30c86e4c4924e,v2 voice/karmanations.mp3
a3f0f1a393de40e815bfc16e27f4d844847abc1a2604bc117227f40b45603b34,v2 voice/king.mp3
177b9150af211dbba5d4846793ab3b5211fda72885514cc743059baf22456a5a,v2 voice/lagtrain.mp3
98cd8248d4237e0609190cd99797825017dc196575704bb2ae96ff43c177bc51,v2 voice/let you down.mp3
adc42aec95f5b64e8b8de0fd398d586317e306cb88e397a25f428bd99d8e23bc,v2 voice/luka luka night fever.mp3
70e46efb14273ec3516b8ae08e6b13bf5ab84cbacdcf93c79df3a06349648318,v2 voice/moves like jagger.mp3
02074f2ef49f8edcfb2d99603ca63972997e23e089b026e83439b53170793e85,v2 voice/mozaik role.mp3
3e5a9c641a4c64d4dda9474092f8931f074d88402d4179011dc4bbfd21ce5fa5,v2 voice/my time.mp3
1fa94e62b350e9bed5826c4be925dc5a848b56d1f9b06cf59b5303e8ee630ef1,v2 voice/numb.mp3
8cf5620a9b231183d5ba71d08e714f5cc675f81a52e01d9aafc30643985dac38,v2 voice/ocean man.mp3
366fd677227047e2b78c03ca27795e412491f669bf03f62ff6a07899e4a1b35a,v2 voice/oddloop.mp3
272b9f4c9951b4880bef877f3709ac3695691d5fbfb195e63c7d70ea7a409936,v2 voice/perfect machine.mp3
06095d6867099eaa714ab52ff1d9dc4f8c16bf5610f3cb3854034ddf6d3a4c11,v2 voice/phony.mp3
9c575a45fc685077dcca055d91c95a3b0a20d501761a670e527286e9da51d2ed,v2 voice/pompeii.mp3
1e3e8de8e813408400c52525ad8c6c1fddbb5db41270e3c32f1a3c8a24a5cc87,v2 voice/purupuru pururin.mp3
db1e5642ab147f75646650b1a932e3041d127dce91f0d9eb2cf28af0a88db5d3,v2 voice/revenge.mp3
ee781314c2946d857b9494be2cf69bfa980d6f6bfab4355e584998205e24e628,v2 voice/sound of silence.mp3
9067d53ef89df45f2042084c4b841311aaafd56ec650b7df36389da866ddb25f,v2 voice/super nuko world.mp3
7504f01948684428678ed3b5eab3ea7c81c9c595dac449729f85ef718720eef2,v2 voice/the kill.mp3
3580fd1c88cf98b7967d88ab8cfd16f1a25f6bab3de904e209b28288108a2d73,v2 voice/the wolf.mp3
95904441bbf38853999ee117d8bcbc51e8a5877aafa259bd94d5282b10acc7db,v2 voice/toxic.mp3
379a8b5315d635500c67866b1606f02aea626b5fad4481a91a254b61427e4120,v2 voice/unravel.mp3
4a3b26dbf05269cd61700e6696e857b485546fd6f5e98e4b412eb689d36b1f67,v2 voice/useewa.mp3
bb12cbe5782e7dd5e531cd57f39bf3aa1053ded4be02b794aaeb65c6fd674c80,v2 voice/witch doctor.mp3
d83b78ba47269b9f44b5c25e4036159f7c4f952161f0a110a2771fc1b9fec929,Evil/QUARANTINE/Omri - Pregnant Sonic (evil) (24 07 24).mp3
